id,title,drug,sourceType,specialty,design,intervention,primaryEndpoint,keyResults,impact,year,organization,phase,sampleSize,population,summary,detailedConclusion,fdaStatus,sourceUrl,file,asianData,bookmarked,createdAt,author,subgroups,relatedCalculators,relatedFlowcharts,relatedDrugs,matrixEndpoints,decisionTree,pocketCard,citation,radarUrl,femalePercent,controlEventRate,arr,nnt,nnh,applicability,icd10
guideline_acc_antihypertensive_pregnancy_2026,Tiếp cận thực tiễn về sử dụng thuốc chống tăng huyết áp trong thai kỳ và thời kỳ cho con bú (Antihypertensive Medications in Pregnancy and Lactation: A Practical Approach),"Nifedipine, Labetalol, Amlodipine, Enalapril, Hydralazine, Methyldopa, Thuốc lợi tiểu, Thuốc ức chế RAAS",intl-guideline,cardio,guideline,Lựa chọn và phân loại mức độ an toàn của các loại thuốc chống tăng huyết áp được sử dụng trong thai kỳ và thời kỳ hậu sản (cho con bú).,"Cung cấp khung hướng dẫn thực hành (practical framework) nhằm lựa chọn thuốc hạ áp an toàn, giảm bệnh suất cho mẹ và cải thiện kết cục cho thai nhi.","Nifedipine giải phóng kéo dài và Labetalol là lựa chọn đầu tay trong thai kỳ; Nifedipine, Amlodipine, Enalapril và Labetalol là lựa chọn đầu tay khi cho con bú; Chống chỉ định tuyệt đối ACEi, ARB, ARNI và Spironolactone trong thai kỳ.",practice-changing,2026,American College of Cardiology (ACC),Guidelines,,Phụ nữ mang thai và phụ nữ đang cho con bú mắc các rối loạn tăng huyết áp.,"Bài phân tích chuyên gia của ACC năm 2026 cung cấp hướng dẫn rõ ràng về việc sử dụng thuốc hạ áp. Nifedipine giải phóng kéo dài và Labetalol được khẳng định là ưu tiên hàng đầu trong thai kỳ. Hướng dẫn nghiêm cấm việc sử dụng các thuốc tác động lên hệ RAAS và Atenolol trong thời kỳ mang thai, nhưng Enalapril lại an toàn và được ưu tiên trong thời kỳ cho con bú.","Hướng dẫn thực hành phân loại rõ rệt phác đồ hạ áp thành hai giai đoạn. (1) TRONG THAI KỲ: Lựa chọn đầu tay (First-line) là Nifedipine giải phóng kéo dài (khởi đầu 30mg, tối đa 120mg/ngày) và Labetalol (khởi đầu 200mg x 2 lần/ngày, tối đa 2400mg/ngày). Các thuốc thay thế bao gồm Methyldopa, Hydralazine, Amlodipine, Metoprolol. Thuốc cần thận trọng là Verapamil, Diltiazem, Clonidine. Các thuốc CHỐNG CHỈ ĐỊNH TUYỆT ĐỐI do độc tính thai nhi bao gồm toàn bộ nhóm ức chế RAAS (ACEi, ARB, ARNI), Spironolactone (do tính kháng androgen), Atenolol (gây chậm nhịp tim, hạ đường huyết thai nhi) và Chlorthalidone. (2) TRONG THỜI KỲ CHO CON BÚ (Lactation): Nifedipine ER và Labetalol tiếp tục là lựa chọn đầu tay; bổ sung thêm Amlodipine và Enalapril do chuyển hóa qua sữa mẹ rất thấp. Spironolactone và Hydralazine cũng an toàn khi cho con bú. Chống chỉ định Atenolol và Chlorthalidone ở nhóm này.",Không áp dụng,https://www.acc.org/latest-in-cardiology/articles/2026/07/02/15/04/antihypertensive-medications-in-pregnancy-and-lactation,,false,false,2026-07-27 03:44:21.407+00,,"{""Bệnh thận mạn (CKD giai đoạn ≥ 4)"":""Cần thận trọng khi sử dụng Enalapril (trong giai đoạn cho con bú) do nguy cơ tăng kali máu và tổn thương thận cấp."",""Bệnh cơ tim (Cardiomyopathy / Cần điều trị GDMT)"":""Vì các thuốc ưu tiên trong GDMT (ACEi, ARB, ARNI, Spironolactone) bị chống chỉ định trong thai kỳ, có thể cân nhắc sử dụng Hydralazine kết hợp với Nitrates để thay thế."",""Hen suyễn (Asthma)"":""Thận trọng khi sử dụng Labetalol do nguy cơ gây co thắt phế quản.""}",,,,,,,,,,,,,,,"[""O13"", ""O14"", ""I10""]"
guideline_erc_2021,Hướng dẫn Hồi sức Tim phổi của Hội đồng Hồi sức Châu Âu 2021: Tóm tắt Khuyến cáo (European Resuscitation Council Guidelines 2021: Executive summary),"Adrenaline, Amiodarone, Lidocaine",intl-guideline,icu,guideline,"Cập nhật các khuyến cáo lâm sàng về Hồi sức tim phổi cơ bản (BLS), nâng cao (ALS), cấp cứu nhi khoa/sơ sinh, các tình huống đặc biệt và chăm sóc sau ngừng tim.","Cung cấp khung hướng dẫn toàn diện từ phòng ngừa, cấp cứu ban đầu đến phục hồi chức năng nhằm cải thiện tỷ lệ sống còn và kết cục thần kinh sau ngừng tim.",Ép tim chất lượng cao và phá rung sớm là cốt lõi; Adrenaline tiêm tĩnh mạch càng sớm càng tốt với nhịp không sốc được; Khuyến cáo áp dụng Quản lý nhiệt độ mục tiêu (TTM) từ 32-36°C.,practice-changing,2021,European Resuscitation Council (ERC),Guidelines,,"Bệnh nhân người lớn, trẻ em và sơ sinh bị ngừng tim ngoại viện (OHCA) hoặc nội viện (IHCA).","Hướng dẫn ERC 2021 cung cấp các cập nhật quan trọng dựa trên bằng chứng khoa học mới nhất từ ILCOR 2020. Khuyến cáo nhấn mạnh tầm quan trọng của chuỗi sinh tồn, cá thể hóa quản lý đường thở, kiểm soát nhiệt độ mục tiêu và đa phương thức tiên lượng thần kinh.","Hướng dẫn ERC 2021 khẳng định ép tim ngoài lồng ngực liên tục (tần số 100-120 l/p, độ sâu >5cm nhưng <6cm, nảy lồng ngực hoàn toàn) và sốc điện sớm là yếu tố quyết định sự sống còn. Về kiểm soát đường thở, khuyến cáo áp dụng chiến lược leo thang từ cơ bản đến nâng cao; chỉ đặt nội khí quản nếu người cấp cứu có độ thuần thục cao (tỷ lệ thành công >95% trong vòng tối đa 2 lần thử), nếu không nên dùng Mask thanh quản (SGA). Đối với nhịp không sốc được, Adrenaline 1mg được tiêm ngay lập tức. Đối với nhịp sốc được, Adrenaline được chỉ định sau cú sốc thứ 3 và Amiodarone 300mg sau cú sốc thứ 3. Chăm sóc sau ngừng tim khuyến cáo áp dụng Quản lý Nhiệt độ Mục tiêu (TTM) hằng định ở một mức giữa 32-36°C liên tục trong tối thiểu 24 giờ. Việc tiên lượng thần kinh phải dựa trên tiếp cận đa phương thức (khám lâm sàng, điện não đồ, SSEP, NSE, hình ảnh học) và không được đưa ra quyết định sớm trước 72 giờ sau khi tái lập tuần hoàn tự nhiên (ROSC).",Không áp dụng,https://doi.org/10.1016/j.resuscitation.2021.02.003,,false,false,2026-07-24 04:34:49.807+00,,"{""Nhịp sốc được (VF/pVT)"":""Tiến hành sốc điện ngay lập tức, tiêm Adrenaline 1mg và Amiodarone 300mg sau nhát sốc thứ 3."",""Nhịp không sốc được (Asystole/PEA)"":""Tiêm Adrenaline 1mg IV/IO càng sớm càng tốt ngay khi có đường truyền, lặp lại mỗi 3-5 phút.""}",,,,,,,,,,,,,,,"[""I46"", ""I46.9""]"
guideline_hyperkalemia_vuna_vnaccemt_2026,Khuyến cáo chẩn đoán và điều trị tăng kali máu (VNACCEMT & VUNA 2026),"Canxi gluconat, Canxi clorua, Insulin, Salbutamol, Natri bicarbonat, Furosemid, SZC (Sodium zirconium cyclosilicate), Patiromer",vn-association,icu,guideline,"Đo điện tim, phân độ mức độ nặng, áp dụng phác đồ 3 bước (ổn định màng cơ tim, dịch chuyển kali vào nội bào, đào thải kali), chỉ định lọc máu cấp cứu và sử dụng chất gắn kali mới.","Cung cấp khung chẩn đoán, tiếp cận xử trí cấp cứu, dự phòng và quản lý dài hạn bệnh nhân tăng kali máu tại các cơ sở y tế Việt Nam.","Ngưỡng chẩn đoán K ≥ 5.0, cần điều trị K ≥ 5.5, nặng K ≥ 6.5. Cấp cứu ưu tiên Canxi tĩnh mạch (khi có biến đổi ECG), Insulin 10UI + Glucose 25g. Áp dụng chất gắn kali mới (SZC, Patiromer) để duy trì thuốc RAASi.",practice-changing,2026,Hội Hồi sức Cấp cứu & Chống độc Việt Nam (VNACCEMT) và Hội Tiết niệu - Thận học Việt Nam (VUNA),Guidelines,,"Bệnh nhân mắc tăng kali máu cấp và mạn tính (đặc biệt nhóm nguy cơ cao: bệnh thận mạn, tổn thương thận cấp, suy tim, đái tháo đường, đang sử dụng thuốc RAASi/MRA).","Khuyến cáo 2026 chuẩn hóa quy trình cấp cứu tăng kali máu theo phác đồ 3 bước (Ổn định màng - Dịch chuyển K+ - Đào thải K+). Đặc biệt nhấn mạnh việc áp dụng các chất gắn kali thế hệ mới như SZC, Patiromer để kiểm soát kali máu dài hạn, giúp bệnh nhân suy tim và bệnh thận mạn tiếp tục duy trì được các thuốc ức chế hệ RAAS.","Tăng kali máu được phân làm 3 mức: nhẹ (5.0-5.4), trung bình (6.0-6.4), và nặng (≥ 6.5 hoặc có biến đổi điện tim). Đối với tăng kali máu cấp cứu có biến đổi điện tim, KHÔNG trì hoãn chờ xét nghiệm loại trừ tăng kali giả. Quy trình cấp cứu 3 bước cốt lõi gồm: (1) Ổn định điện thế màng bằng Canxi clorua 10% (10ml tiêm IV 3-5 phút) hoặc Canxi gluconat 10% (30ml tiêm IV 10 phút). (2) Dịch chuyển Kali vào nội bào bằng truyền tĩnh mạch 10UI Insulin nhanh cùng 25g Glucose (theo dõi đường máu sát mỗi giờ trong vòng 6 giờ do nguy cơ hạ đường máu), kết hợp Salbutamol khí dung (10-20mg). (3) Đào thải Kali thông qua lợi tiểu quai, chất gắn kali (SZC, Patiromer) và Lọc máu cấp cứu. Lọc máu (HD hoặc CRRT) được chỉ định khẩn cấp khi K ≥ 7.0, tổn thương thận cấp kèm vô niệu, quá tải dịch hoặc không đáp ứng nội khoa. Đối với quản lý mạn tính, thay vì cắt bỏ thuốc RAASi (gây mất đi lợi ích bảo vệ tim mạch/thận), khuyến cáo ưu tiên dùng SZC hoặc Patiromer để giữ kali ở ngưỡng an toàn và tiếp tục duy trì RAASi.",Khuyến cáo Hội chuyên khoa Việt Nam,,,true,false,2026-07-26 13:34:22.959+00,,"{""Tổn thương thận cấp (AKI) / Vô niệu"":""Các chất gắn kali chỉ đóng vai trò bổ trợ để 'câu giờ', ưu tiên tiến hành lọc máu cấp cứu (HD/CRRT) ngay nếu có chỉ định (K ≥ 7.0 hoặc biến đổi ECG kháng trị)."",""Bệnh thận mạn / Suy tim đang dùng RAASi"":""Ưu tiên dùng SZC hoặc Patiromer để kiểm soát kali mạn tính nhằm giữ lại phác đồ RAASi tối ưu thay vì ngừng hẳn thuốc nền."",""Ngộ độc Digitalis"":""Khi có biến đổi điện tim, tránh dùng Canxi tĩnh mạch nhanh do tăng nguy cơ loạn nhịp nặng, ưu tiên Magie sulfat hoặc Digoxin immune Fab."",""Cấp cứu Ngừng tuần hoàn do Tăng kali"":""Tiêm Canxi tĩnh mạch ngay lập tức, thực hiện ACLS và khởi động lọc máu cấp cứu (CRRT hoặc HD khẩn cấp).""}",,,,,,,,,,,,,,,"[""E87.5""]"
guideline_idsa_amr_2026,Hướng dẫn IDSA 2026 về Điều trị Vi khuẩn Gram âm Kháng thuốc (Infectious Diseases Society of America 2026 Guidance on the Treatment of Antimicrobial-Resistant Gram-Negative Infections),"Cefepime-enmetazobactam, Aztreonam-avibactam, Sulpenem, Sulbactam-durlobactam, Meropenem-vaborbactam, Ceftazidime-avibactam, Cefiderocol, Imipenem-relebactam, Ceftolozane-tazobactam",intl-guideline,infect,guideline,Cá thể hóa liều (MIPD / TDM) dựa trên đo nồng độ thuốc trị liệu để tối ưu hóa mục tiêu PK/PD (100% fT>MIC),"Kết cục lâm sàng (tỷ lệ khỏi bệnh, tỷ lệ tử vong, thời gian nằm viện) và tính an toàn (độc tính thần kinh, thận) ở bệnh nhân nặng","Cá thể hóa liều làm tăng gấp đôi cơ hội khỏi bệnh lâm sàng (OR 1.99, 95% CI 1.54-2.56). Khuyến cáo mục tiêu PK/PD tối thiểu là 100% fT>MIC. Tử vong giảm không có ý nghĩa thống kê (OR 0.76, 95% CI 0.54-1.06).",practice-changing,2026,Infectious Diseases Society of America (IDSA),Guideline Update (March 2026),,"Bệnh nhân người lớn và trẻ em mắc các nhiễm khuẩn nặng do trực khuẩn Gram âm đa kháng (ESBL-E, AmpC-E, CRE, DTR P. aeruginosa, CRAB, S. maltophilia)","Hướng dẫn đồng thuận IDSA cập nhật tháng 3/2026 cung cấp chiến lược điều trị dựa trên bằng chứng cho 6 nhóm trực khuẩn Gram âm kháng thuốc phức tạp nhất, tích hợp các thuốc kháng sinh và chất ức chế beta-lactamase thế hệ mới nhất được FDA phê duyệt.","Bản cập nhật IDSA 2026 thiết lập phác đồ điều trị chuẩn cho 6 nhóm vi khuẩn đa kháng: (1) ESBL-E: Khuyến cáo dùng Cefepime-enmetazobactam hoặc Carbapenem cho cUTI/nhiễm khuẩn ngoài đường tiết niệu; chấp nhận Gepotidacin, Pivmecillinam, Sulopenem cho uUTI. (2) AmpC-E (E. cloacae, K. aerogenes, C. freundii, H. alvei): Cefepime (MIC ≤ 8 µg/mL) là ưu tiên hàng đầu; chống chỉ định Ceftriaxone và Piperacillin-tazobactam cho nhiễm khuẩn xâm lấn. (3) CRE: Với KPC-E ưu tiên Meropenem-vaborbactam, Ceftazidime-avibactam hoặc Imipenem-relebactam; Với NDM-E ưu tiên Aztreonam-avibactam hoặc Cefiderocol (hoặc Ceftazidime-avibactam + Aztreonam); Với OXA-48-E ưu tiên Ceftazidime-avibactam. (4) DTR P. aeruginosa: Ưu tiên Ceftolozane-tazobactam (đặc biệt trong viêm phổi), Ceftazidime-avibactam, Imipenem-relebactam; dùng Cefiderocol cho chủng sinh MBL (VIM, IMP, NDM). (5) CRAB: Phác đồ đầu tay là Sulbactam-durlobactam phối hợp với Imipenem hoặc Meropenem. (6) S. maltophilia: Cefiderocol đơn trị liệu là ưu tiên hàng đầu; các lựa","IDSA AMR Treatment Guidance (Updated March 1, 2026)",https://www.idsociety.org/globalassets/idsa/practice-guidelines/amr-guidance/5.0/amr-guidance-update.pdf,kho-guidelines/idsa-amr-2026.html,false,false,2026-08-01 13:50:39.46+00,"Pranita D. Tamma, Robert A. Bonomo, Emily L. Heil, Julie Ann Justo, Michael J. Satlin, Amy J. Mathers","{""ESBL-E (Tiết beta-lactamase phổ rộng)"":""Nhiễm khuẩn ngoài tiết niệu: Ưu tiên Meropenem/Imipenem/Ertapenem hoặc Cefepime-enmetazobactam."",""AmpC-E (Được cảm ứng mạnh)"":""E. cloacae, K. aerogenes, C. freundii, H. alvei: Ưu tiên Cefepime (MIC ≤ 8 µg/mL). Tránh Ceftriaxone và Piperacillin-tazobactam."",""CRE - Nhánh KPC-E"":""Ưu tiên Meropenem-vaborbactam > Ceftazidime-avibactam > Imipenem-relebactam."",""CRE - Nhánh NDM-E (MBL)"":""Ưu tiên Aztreonam-avibactam hoặc Cefiderocol (Alternative: Ceftazidime-avibactam + Aztreonam)."",""DTR P. aeruginosa"":""Viêm phổi: Ưu tiên Ceftolozane-tazobactam. Nếu sinh MBL (VIM/IMP): Ưu tiên Cefiderocol."",""CRAB (A. baumannii kháng carbapenem)"":""Ưu tiên Sulbactam-durlobactam + Carbapenem (Imipenem hoặc Meropenem)."",""Stenotrophomonas maltophilia"":""Ưu tiên Cefiderocol đơn trị liệu. Lựa chọn thay thế: Aztreonam-avibactam, Minocycline, Levofloxacin, TMP-SMX.""}",,,,,,,,,,,,,,,"[""A41"", ""J15"", ""N39.0""]"
guideline_issva_2018,Phân loại ISSVA cho các bất thường mạch máu 2018 (ISSVA Classification for Vascular Anomalies),Không áp dụng,intl-guideline,onco,guideline,"Hệ thống hóa phân loại toàn cầu dựa trên sinh lý bệnh, mô học và di truyền, phân chia thành hai nhánh lớn: Khối u mạch máu và Dị dạng mạch máu","Cung cấp khung danh pháp chuẩn để chẩn đoán đúng loại bất thường mạch máu, hướng dẫn chẩn đoán phân biệt và chỉ điểm gen đột biến gây bệnh","Bổ sung đột biến gen chi tiết: PIK3CA (Dị dạng bạch huyết/tĩnh mạch, PROS), GNAQ/GNA11 (Dị dạng mao mạch, u máu bẩm sinh); liên kết các loại u với rối loạn đông máu huyết học",practice-changing,2018,ISSVA (International Society for the Study of Vascular Anomalies),Guidelines,,Bệnh nhân mắc các khối u mạch máu hoặc dị dạng mạch máu bẩm sinh/mắc phải,"Bản cập nhật ISSVA 2018 là tiêu chuẩn vàng toàn cầu cho việc phân loại các bất thường mạch máu, tách biệt rạch ròi giữa bản chất 'khối u' (tăng sinh tế bào) và 'dị dạng' (lỗi hình thái cấu trúc), đi kèm chi tiết các đột biến gen đích.","Phân loại ISSVA giải quyết sự nhầm lẫn danh pháp lịch sử (ví dụ: dùng sai từ 'hemangioma' cho mọi tổn thương). Hệ thống phân loại chia bất thường mạch máu thành 2 loại cốt lõi. (1) Khối u mạch máu (Vascular tumors): Gồm u lành tính (như U máu nhũ nhi, U máu bẩm sinh RICH/NICH), u giáp biên/xâm lấn cục bộ (Kaposiform hemangioendothelioma - KHE, Tufted angioma) và u ác tính (Angiosarcoma). (2) Dị dạng mạch máu (Vascular malformations): Dị dạng cấu trúc mạch máu không có tế bào nội mô tăng sinh, được chia thành thể đơn giản (mao mạch, tĩnh mạch, bạch huyết, động tĩnh mạch), thể kết hợp, và thể kèm bất thường hệ thống (như hội chứng Klippel-Trenaunay, CLOVES, Sturge-Weber). Hướng dẫn năm 2018 cập nhật quy mô lớn các gen gây bệnh, đặc biệt là PIK3CA liên quan đến phổ quá phát (PROS) và các bất thường đông máu (hiện tượng Kasabach-Merritt chỉ gặp ở KHE/Tufted angioma chứ không gặp ở U máu nhũ nhi).",Không áp dụng,,,false,false,2026-07-26 12:31:44.715+00,,"{""Hiện tượng Kasabach-Merritt (KMP)"":""Liên quan trực tiếp đến Kaposiform hemangioendothelioma (KHE) và Tufted angioma. Đặc trưng bởi giảm tiểu cầu sâu kéo dài và tiêu thụ yếu tố đông máu, tăng D-Dimer."",""Đông máu nội mạch cục bộ (LIC)"":""Thường gặp ở dị dạng tĩnh mạch (VM) và bạch huyết (LM), với tăng D-dimer và có nguy cơ bùng phát thành DIC sau chấn thương hoặc phẫu thuật.""}",,,,,,,,,,,,,,,"[""D18"", ""Q27""]"
guideline_jrs_copd_2th_2026,Hướng dẫn chẩn đoán và quản lý Bệnh phổi tắc nghẽn mạn tính (JRS Guidelines 7th Edition 2026),"LAMA, LABA, Inhaled Corticosteroid (ICS), Dupilumab, Clarithromycin, Mucolytics, Systemic Corticosteroids",intl-guideline,pulmo,guideline,Cá thể hóa liều (MIPD / TDM) dựa trên đo nồng độ thuốc trị liệu để tối ưu hóa mục tiêu PK/PD (100% fT>MIC),"Kết cục lâm sàng (tỷ lệ khỏi bệnh, tỷ lệ tử vong, thời gian nằm viện) và tính an toàn (độc tính thần kinh, thận) ở bệnh nhân nặng","Cá thể hóa liều làm tăng gấp đôi cơ hội khỏi bệnh lâm sàng (OR 1.99, 95% CI 1.54-2.56). Khuyến cáo mục tiêu PK/PD tối thiểu là 100% fT>MIC. Tử vong giảm không có ý nghĩa thống kê (OR 0.76, 95% CI 0.54-1.06).",practice-changing,2026,Japanese Respiratory Society (JRS) / Respiratory Investigation,Guideline (7th Edition),,"Bệnh nhân người lớn mắc hoặc nghi ngờ mắc Bệnh phổi tắc nghẽn mạn tính (COPD), bao gồm cả các thể đặc thù như Asthma-COPD Overlap (ACO) và thể thể trạng gầy/cao tuổi.","Hướng dẫn cập nhật lần thứ 7 (2026) của Hội Hô hấp Nhật Bản (JRS) đưa ra tiếp cận toàn diện cho COPD, tích hợp phân loại etiotype theo GOLD 2023, nâng tầm quản lý bệnh đồng mắc tim mạch lên mục tiêu cốt lõi, bổ sung chỉ định Dupilumab cho nhóm viêm đáp ứng tuýp 2, và đưa ra phác đồ điều trị cá thể hóa cho đặc điểm bệnh nhân Châu Á.","Hướng dẫn JRS 2026 (Xuất bản tháng 3/2026) áp dụng khung Minds/GRADE cập nhật nhiều khái niệm mới: (1) Chính thức công nhận phân loại 7 etiotype của GOLD 2023, xem tắc nút nhầy trên CT là yếu tố tiên lượng độc lập, và đưa lão hóa tế bào (cellular senescence) vào cơ chế bệnh sinh. (2) Nhấn mạnh đặc điểm đặc thù của bệnh nhân Nhật Bản/Châu Á: BMI thấp (trung bình 22.9 kg/m²), tỷ lệ đợt cấp thấp hơn da trắng nhưng tỷ lệ Chồng lấp Hen - COPD (ACO) rất cao (~25%). (3) Nâng tầm quản lý bệnh đồng mắc tim mạch (CVD/HFpEF) và theo dõi sát biến cố tim mạch sau đợt cấp thành mục tiêu điều trị cốt lõi. (4) Cập nhật điều trị giai đoạn ổn định: LAMA là nền tảng đầu tay (CQ02); bổ sung Dupilumab (kháng IL-4Rα) cho bệnh nhân có bạch cầu ái toan máu ≥ 300 cells/µL đang dùng phác đồ bộ ba vẫn bị đợt cấp; khuyến cáo dùng Macrolide kéo dài (CQ16) cho nhóm đợt cấp thường xuyên kèm viêm phế quản trung tính; dùng HFNC tại nhà cho bệnh nhân tăng CO2 máu nhẹ (PaCO2 45-55 Torr). (5) Quản lý đợt cấp: Dùng Corticosteroid toàn thân liều",JRS Guidelines 7th Edition 2026,https://drive.google.com/file/d/1O2prY2jIFg9WTkAkIUyv3Yv96i36nDGK/view?usp=sharing,kho-guidelines/jrs-copd-2026.html,true,false,2026-08-02 03:58:56.424+00,"Hisatoshi Sugiura, Naoya Fujino, Yoko Shibata, Shigeo Muro, Kazuto Matsunaga et al. (JRS Work Group)","{""Bệnh nhân ACO (Asthma-COPD Overlap)"":""Chiếm ~25% bệnh nhân COPD Châu Á; bắt buộc khởi trị bằng phác đồ có chứa ICS (ICS+LABA hoặc ICS+LABA+LAMA) từ giai đoạn sớm."",""Bệnh nhân có thể trạng gầy (Low BMI)"":""BMI trung bình ~22.9 kg/m²; nguy cơ cao mắc bệnh nhiễm trùng hô hấp (Nodular bronchiectasis, NTM) khi dùng ICS kéo dài -> Cần cân nhắc giảm liều/rút ICS nếu có đợt nhiễm trùng tái phát."",""Bệnh nhân có bạch cầu ái toan (Eosinophil ≥ 300 cells/µL)"":""Chỉ định thêm ICS hoặc Dupilumab (Anti-IL-4Rα) nếu vẫn bị ≥2 đợt cấp trung bình hoặc ≥1 đợt cấp nặng/năm trên nền LAMA+LABA+ICS."",""Bệnh nhân có biến chứng tăng CO2 máu (PaCO2 45-55 Torr)"":""Cân nhắc sử dụng HFNC tại nhà (Home HFNC) nếu không dung nạp với NPPV.""}",,,,,,,,,,,,,,,"[""J44"", ""J44.1"", ""J44.9""]"
guideline_nice_meningitis_2024,"Hướng dẫn NICE 2024 về Chẩn đoán và Xử trí Viêm màng não do vi khuẩn và Bệnh do Não mô cầu (NICE NG240, 2024)","Ceftriaxone, Benzylpenicillin, Dexamethasone",intl-guideline,infect,guideline,,,,practice-changing,2024,NICE (National Institute for Health and Care Excellence) / BMJ,Guideline (NG240),,"Trẻ sơ sinh, trẻ em, thanh thiếu niên và người lớn nghi ngờ hoặc xác định mắc viêm màng não do vi khuẩn hoặc bệnh do não mô cầu","Hướng dẫn cập nhật NICE NG240 (2024) mở rộng phạm vi áp dụng cho cả người lớn, cung cấp cụm dấu hiệu cờ đỏ (Red Flag) chẩn đoán sớm, quy định khởi trị kháng sinh trong vòng 1 giờ vàng ('Golden Hour') tại bệnh viện và thiết lập lịch tái khám 4-6 tuần sau xuất viện để tầm soát biến chứng.","Khuyến cáo nhấn mạnh việc nhận diện sớm cụm Red Flag: Sốt, Đau đầu, Cổ cứng và Rối loạn ý thức/nhận thức (Lú lẫn/sảng) để nghi ngờ mạnh mẽ viêm màng não vi khuẩn; hoặc Ban xuất huyết không mất màu/tiến triển nhanh (Purpura/Petechiae) để nghi ngờ bệnh não mô cầu. Tại bệnh viện, Bác sĩ lâm sàng cao cấp phải đánh giá ban đầu và đảm bảo tiêm kháng sinh (ưu tiên Ceftriaxone) trong vòng 1 giờ ('Giờ vàng') từ khi nhập viện, đồng thời thực hiện cấy máu và chọc dò tủy sống (LP) trước khi dùng kháng sinh nếu không gây trì hoãn. Điều trị trước viện bằng Ceftriaxone hoặc Benzylpenicillin (tiêm IM/IV) chỉ chỉ định khi nghi ngờ mạnh não mô cầu hoặc khi việc vận chuyển đến bệnh viện bị trì hoãn đáng kể. Sau xuất viện, tất cả người lớn cần được tái khám lúc 4-6 tuần để đánh giá thính lực, tổn thương xương khớp, hoại tử da, thần kinh và tâm lý xã hội; trẻ sơ sinh tái khám sau 1 năm và theo dõi phát triển thần kinh ít nhất 2 năm.",NICE Guidelines NG240,https://doi.org/10.1136/bmj.q2452,,false,false,2026-07-29 02:24:09.766+00,"Aye Paing, Laura Elliff-O'Shea, Lisa Boardman, David Turner, Linda Glennie et al. (NICE Guideline Committee)","{""Cụm Red Flag Viêm màng não"":""Sốt + Đau đầu + Cổ cứng + Rối loạn ý thức/nhận thức (Confusion/Delirium)"",""Cụm Red Flag Bệnh Não mô cầu"":""Ban xuất huyết không mất màu lesions > 2mm (Purpura) hoặc ban lan nhanh/tiến triển nhanh"",""Cửa sổ thời gian dùng Kháng sinh (Door-to-Antibiotic)"":""Bắt đầu kháng sinh trong vòng 1 giờ kể từ khi đến bệnh viện ('Giờ vàng')"",""Tái khám sau xuất viện"":""Tái khám lúc 4-6 tuần cho người lớn; 1 năm cho trẻ < 12 tháng; theo dõi phát triển thần kinh ít nhất 2 năm cho trẻ em""}",,,,,,,,,,,,,,,"[""G00"", ""A39""]"
study_1783608849340_ft8geb9jd,IDSA/ESCMID 2026 SAB Guidelines,Kháng sinh điều trị S. aureus,intl-guideline,infect,guideline,"Khung phân tầng nguy cơ, chẩn đoán (cấy máu, TTE, TEE, PET/CT) và cá thể hóa thời gian điều trị","Đồng thuận các khuyến cáo lâm sàng về phân tầng nguy cơ, chẩn đoán và quản lý thời gian điều trị kháng sinh",Cấy máu theo dõi mỗi 24-48h; TTE thường quy ở người lớn; điều trị chuẩn 14 ngày cho bệnh nhân không có bằng chứng nhiễm trùng sâu,practice-changing,2026,IDSA/ESCMID,Guidelines,,Bệnh nhân người lớn và trẻ em mắc nhiễm khuẩn huyết do Staphylococcus aureus (SAB),"Khuyến cáo IDSA/ESCMID 2026 thay thế cách phân loại SAB 'phức tạp/không phức tạp' bằng một khung phân tầng nguy cơ mới, giúp định hướng các bước chẩn đoán lâm sàng và tối ưu hóa thời gian sử dụng kháng sinh.","Mọi bệnh nhân người lớn mắc SAB cần được cấy máu theo dõi từ mốc 48 giờ và siêu âm tim TTE thường quy. Bệnh nhân không có bằng chứng ổ nhiễm trùng sâu hoặc di căn được khuyến cáo điều trị kháng sinh 14 ngày (kể từ ngày cấy máu âm tính), áp dụng cho cả nhóm nguy cơ thấp và nhóm nguy cơ tăng cao. Các phương pháp chuyên sâu như TEE hoặc chẩn đoán hình ảnh toàn thân (ví dụ: [18F]FDG-PET/CT) chỉ được cân nhắc cho nhóm có nguy cơ tăng cao hoặc chưa rõ ổ nhiễm trùng. Riêng đối với trẻ em, tất cả đều phải được đánh giá ổ nhiễm trùng sâu cẩn thận do hiện tại chưa đủ dữ liệu để xác định nhóm trẻ em thuộc 'nguy cơ thấp'.",Không áp dụng,https://academic.oup.com/cid/advance-article/doi/10.1093/cid/ciaf460/8384446,,false,false,2026-07-09 14:54:09.34+00,,,,,,,,,,,,,,,,,"[""A41.0""]"
study_1783615193671_10j8695hy,JAMA 2026: Alcohol-Related Liver Disease Review,"Cai rượu và các thuốc hỗ trợ (Baclofen, Naltrexone)",intl-study,gi,review,"Tầm soát bằng xét nghiệm không xâm lấn (FIB-4, VCTE, ELF) và can thiệp ngừng sử dụng rượu","Cập nhật dữ liệu về dịch tễ học, sinh lý bệnh, chẩn đoán, điều trị và tiên lượng bệnh gan liên quan đến rượu (ALD)",Kiêng rượu giúp giảm tỷ lệ tử vong liên quan đến gan ở bệnh nhân xơ gan do rượu (HR 0.43; 95% CI 0.26-0.70),informative,2026,JAMA,Review,,Người bệnh uống rượu nhiều mạn tính hoặc mắc bệnh gan liên quan đến rượu (ALD),Bài tổng quan hệ thống hóa cách tiếp cận chẩn đoán sớm bệnh gan liên quan đến rượu (ALD) bằng các công cụ không xâm lấn và nhấn mạnh mục tiêu điều trị chính yếu là cai rượu hoàn toàn.,"ALD là nguyên nhân hàng đầu gây tử vong do bệnh gan ở Mỹ và Châu Âu. Phần lớn bệnh nhân không có triệu chứng ở giai đoạn đầu, do đó những người uống rượu mạn tính (>20g/ngày với nữ, >30g/ngày với nam) cần được tầm soát bằng điểm FIB-4, kết hợp với các đánh giá chuyên sâu hơn như siêu âm đàn hồi gan (VCTE) hoặc ELF. Việc kiêng rượu hoàn toàn có thể làm đảo ngược tình trạng bệnh ở giai đoạn sớm và giảm thiểu tỷ lệ tử vong do gan. Bệnh nhân có viêm gan do rượu nặng hoặc xơ gan mất bù nên được xem xét đánh giá ghép gan.",Không áp dụng,https://drive.google.com/file/d/1V5DncIbtZpYhtfRfiF6phXIF2RCL14iY/view?usp=sharing,,false,false,2026-07-09 16:39:53.671+00,,,,,,,,,,,,,,,,,"[""K70"", ""K70.3""]"
study_1783645774879_tvow6fzc6,TB in Pregnancy Review 2026,Phác đồ chống lao hàng thứ nhất (HRZE) và các thuốc hàng hai,intl-study,infect,review,"Sàng lọc lâm sàng, chẩn đoán bằng Xpert MTB/RIF, X-quang ngực và điều trị kháng lao trong thai kỳ","Tổng quan cập nhật về dịch tễ học, thách thức chẩn đoán, biến chứng thai kỳ và quản lý điều trị bệnh lao",Lao thai kỳ làm tăng tử vong chu sinh (OR 4.2) và sẩy thai (gấp 9 lần); điều trị bằng phác đồ chuẩn đạt tỷ lệ khỏi bệnh 88%,informative,2026,MDPI,Review,,"Phụ nữ mang thai, hậu sản và trẻ sơ sinh mắc hoặc có nguy cơ tiếp xúc với bệnh lao","Bài tổng quan hệ thống hóa các hướng dẫn hiện tại về việc sàng lọc, ứng dụng chẩn đoán hình ảnh và phân tử, cùng chiến lược quản lý bệnh lao ở phụ nữ mang thai nhằm tối ưu hóa kết cục cho mẹ và bé.","Bệnh lao thai kỳ thường bị chẩn đoán muộn do triệu chứng trùng lấp với sinh lý thai kỳ. Chẩn đoán ưu tiên sử dụng xét nghiệm phân tử (Xpert MTB/RIF) và X-quang ngực (an toàn khi che bụng). Phác đồ điều trị chuẩn (2HRZE/4HR) được khuyến cáo là an toàn, mang lại tỷ lệ khỏi bệnh 88% và phải được khởi trị sớm để tránh các biến chứng như sinh non, sẩy thai và tử vong chu sinh. Đối với lao đa kháng thuốc (MDR-TB), quá trình điều trị đòi hỏi cá thể hóa với các thuốc hàng hai có thể cân nhắc (như Fluoroquinolone, Bedaquiline) và chống chỉ định tuyệt đối nhóm Aminoglycoside do độc tính tai/thận đối với thai nhi.",Không áp dụng,https://pmc.ncbi.nlm.nih.gov/articles/PMC13282933/?fbclid=IwY2xjawS9JnBleHRuA2FlbQIxMABicmlkETFIQ3dhTVF4MFFJVzJTWVBqc3J0YwZhcHBfaWQQMjIyMDM5MTc4ODIwMDg5MgABHjuNlFIqObJK9YDHJxTglxwGjjfDuaCeVocnVT8l9Ka2ksQY4OP2EiVEOkqr_aem_a-VSTC4DpxlUMJQyk-egIw,,true,false,2026-07-10 01:09:34.879+00,,,,,,,,,,,,,,,,,"[""A15"", ""O98.0""]"
study_1783646771446_074wohz00,Nutrition Therapy in Critically Ill Adults,Dinh dưỡng đường tiêu hóa (EN) và tĩnh mạch (PN),intl-study,gi,review,Nuôi ăn đường tiêu hóa liều hạn chế (restrictive/trophic) và protein liều chuẩn so với liều cao/đầy đủ,"Cập nhật bằng chứng về đường dùng, thời điểm, liều lượng năng lượng/protein và cách theo dõi dinh dưỡng tại ICU",Dinh dưỡng liều đầy đủ sớm tăng biến chứng; protein liều cao (>2.0 g/kg/ngày) không tốt hơn liều chuẩn (≤1.2 g/kg/ngày),practice-changing,2026,NEJM,Review,,Bệnh nhân người lớn mắc bệnh lý nặng đang điều trị tại khoa hồi sức tích cực (ICU),"Bài tổng quan hệ thống hóa lại thực hành dinh dưỡng tại ICU, khuyến cáo áp dụng chiến lược nuôi ăn đường tiêu hóa liều hạn chế và protein liều chuẩn trong giai đoạn cấp tính để giảm thiểu biến chứng.","Trong giai đoạn cấp tính, dinh dưỡng đường tiêu hóa (EN) sớm được ưu tiên để bảo vệ hàng rào niêm mạc ruột, tuy nhiên dinh dưỡng tĩnh mạch (PN) ngắn hạn sớm cũng an toàn nếu EN có chống chỉ định. Các thử nghiệm lớn cho thấy việc cung cấp năng lượng đầy đủ (full-dose) sớm không có lợi ích so với liều hạn chế (restrictive) mà còn làm tăng biến chứng chuyển hóa và tiêu hóa, đặc biệt ở bệnh nhân sốc tuần hoàn. Tương tự, protein liều cao (>2.0 g/kg/ngày) không mang lại lợi thế so với liều chuẩn (≤1.2 g/kg/ngày) và có thể gây hại cho bệnh nhân tổn thương thận cấp. Bài báo cũng khuyến cáo không nên theo dõi thể tích cặn dạ dày (GRV) thường quy vì không làm giảm nguy cơ viêm phổi hít mà còn gây cản trở gián đoạn việc nuôi ăn.",Không áp dụng,https://drive.google.com/file/d/1LfrTEqe2__It5cKg13Vb9bYj0CFyPtEw/view?fbclid=IwY2xjawS9KSVleHRuA2FlbQIxMABicmlkETFIQ3dhTVF4MFFJVzJTWVBqc3J0YwZhcHBfaWQQMjIyMDM5MTc4ODIwMDg5MgABHhYWPqj4QZmBvCTH_MPZxHeOgcMwOKzcc1fB8U-J-m77or-ZXcl0SGKH0IL5_aem_lDpzizMRsrfQM5CfK28L9w,,false,false,2026-07-10 01:26:11.446+00,,,,,,,,,,,,,,,,,"[""E63.9"", ""R57.9""]"
study_1783647198144_47alsfrq9,ACOG Cervical Cancer Screening 2026,Xét nghiệm hrHPV và tế bào học cổ tử cung,intl-guideline,onco,guideline,"Xét nghiệm tế bào học, hrHPV nguyên phát (do nhân viên y tế hoặc tự lấy mẫu) và đồng xét nghiệm",Cập nhật khuyến cáo sàng lọc ung thư cổ tử cung theo nhóm tuổi và phương pháp đánh giá,Tế bào học mỗi 3 năm (21-29 tuổi); hrHPV nguyên phát mỗi 5 năm hoặc tự lấy mẫu hrHPV mỗi 3 năm (30-65 tuổi),practice-changing,2026,ACOG,Guidelines,,"Bệnh nhân nữ có nguy cơ trung bình từ 21-29 tuổi, 30-65 tuổi và trên 65 tuổi","Hướng dẫn cập nhật năm 2026 của ACOG ủng hộ các khuyến cáo sàng lọc ung thư cổ tử cung của WPSI, nhấn mạnh việc bổ sung tùy chọn xét nghiệm hrHPV nguyên phát tự lấy mẫu tại nhà đối với bệnh nhân từ 30-65 tuổi.","Đối với nhóm 21-29 tuổi, sàng lọc bằng tế bào học đơn thuần mỗi 3 năm. Ở nhóm 30-65 tuổi, ưu tiên cao nhất là xét nghiệm hrHPV nguyên phát do bác sĩ thực hiện mỗi 5 năm; các lựa chọn thay thế bao gồm đồng xét nghiệm (co-testing) mỗi 5 năm hoặc tự lấy mẫu hrHPV nguyên phát mỗi 3 năm (chỉ khi có hệ thống theo dõi và bộ kit chuẩn FDA). Đối với bệnh nhân trên 65 tuổi hoặc đã phẫu thuật cắt tử cung (bao gồm cả cổ tử cung) mà không có tiền sử tổn thương tiền ung thư nguy cơ cao, khuyến cáo ngừng sàng lọc định kỳ nếu các kết quả tầm soát trước đó đạt tiêu chuẩn âm tính đầy đủ.",Không áp dụng,https://journals.lww.com/greenjournal/fulltext/10.1097/aog.0000000000006257~screening-for-cervical-cancer?fbclid=IwY2xjawS9KeBleHRuA2FlbQIxMABicmlkETFIQ3dhTVF4MFFJVzJTWVBqc3J0YwZhcHBfaWQQMjIyMDM5MTc4ODIwMDg5MgABHsVRfKF2Aadtwh8WCUTA5dsbDMRjyKkYvHUDA5i5OOcpuA60HI-CDhYAa_lh_aem_qqD6zR1DEevkppqtsGbRhww/view?usp=sharing,,false,false,2026-07-10 01:33:18.144+00,,,,,,,,,,,,,,,,,"[""C53"", ""Z12.4""]"
study_1783647960484_ct1gj3c7f,BMJ 2026 Meta-analysis: Calcium and Vitamin D,Canxi và/hoặc Vitamin D,intl-study,rheum,meta,"Bổ sung Canxi, Vitamin D hoặc phối hợp cả hai so với giả dược/không điều trị",Nguy cơ gãy xương bất kỳ (risk of any fracture),Phối hợp: RR 0.91 (95% CI 0.84-0.99); Vitamin D đơn độc: RR 1.00 (95% CI 0.95-1.06). Giảm tuyệt đối không đạt ý nghĩa lâm sàng.,negative,2026,BMJ,Meta-analysis,153902,Người lớn (≥18 tuổi) phần lớn sống tại cộng đồng và không dùng thuốc điều trị loãng xương,"Phân tích gộp quy mô lớn từ 69 thử nghiệm kết luận rằng việc bổ sung canxi, vitamin D đơn thuần hoặc phối hợp mang lại rất ít hoặc không có lợi ích trong việc phòng ngừa gãy xương và té ngã ở người lớn.","Nghiên cứu cho thấy bổ sung vitamin D hoặc canxi đơn độc không làm giảm nguy cơ gãy xương hay té ngã (RR đối với vitamin D đơn độc là 1.00). Việc kết hợp canxi và vitamin D làm giảm nguy cơ gãy xương bất kỳ có ý nghĩa trên phương diện thống kê (RR 0.91; 95% CI 0.84-0.99), tuy nhiên mức giảm rủi ro tuyệt đối lại rất nhỏ (khoảng 1%) và không đạt ngưỡng có ý nghĩa lâm sàng. Bài báo không ủng hộ việc thường quy kê đơn bổ sung canxi và vitamin D để phòng ngừa gãy xương hay té ngã, đồng thời khuyến cáo các hiệp hội nên đánh giá lại hướng dẫn lâm sàng hiện tại.",Không áp dụng,https://doi.org/10.1136/bmj-2025-088050,,false,false,2026-07-10 01:46:00.484+00,,,,,,,,,,,,,,,,,"[""M81"", ""M84""]"
study_1783741701407_cuzos23nm,Severe Metabolic Acidosis in the ICU,Natri Bicarbonate (NaHCO3) và Liệu pháp thay thế thận (RRT),intl-study,renal,review,Truyền tĩnh mạch Natri Bicarbonate (NaHCO3) như một biện pháp tạm thời thay vì chỉ định ngay Liệu pháp thay thế thận (RRT),"Cập nhật hướng dẫn thực hành lâm sàng về phân loại, ảnh hưởng sinh lý và chiến lược quản lý toan chuyển hóa nặng",Truyền NaHCO3 (ví dụ dung dịch 4.2%) với mục tiêu pH > 7.30 an toàn và có thể giúp trì hoãn hoặc giảm nhu cầu RRT ở bệnh nhân AKI,informative,2026,CHEST,Review,,Bệnh nhân người lớn điều trị tại khoa hồi sức tích cực (ICU) có tình trạng toan chuyển hóa nặng (pH < 7.20),"Bài tổng quan dựa trên ca lâm sàng nhằm đưa ra khung tiếp cận chẩn đoán và quản lý toan chuyển hóa nặng tại ICU, nhấn mạnh vai trò của truyền tĩnh mạch Natri Bicarbonate giúp trì hoãn hoặc tránh phải lọc máu (RRT).","Toan chuyển hóa nặng (pH < 7.20) ảnh hưởng đến 2-10% bệnh nhân ICU và đi kèm tỷ lệ tử vong cao. Thay vì tự động tiến hành liệu pháp thay thế thận (RRT), truyền tĩnh mạch Natri Bicarbonate (như dung dịch 4.2% lên đến 1000 mL/24h) để đạt mục tiêu pH > 7.30 là một chiến lược an toàn và hiệu quả như một biện pháp câu giờ (temporizing strategy). Phương pháp này đặc biệt giúp giảm thiểu nhu cầu RRT ở nhóm bệnh nhân có kèm tổn thương thận cấp (AKI) vừa đến nặng. Tuy nhiên, cần bù canxi ion hóa và kali trước khi truyền NaHCO3, đồng thời tránh áp dụng chiến lược này cho các bệnh nhân nhiễm toan ceton do đái tháo đường hoặc có hội chứng ly giải u.",Không áp dụng,https://www.chestcc.org/article/S2949-7884(26)00038-9/fulltext,,false,false,2026-07-11 03:48:21.407+00,,,,,,,,,,,,,,,,,"[""E87.2"", ""N17""]"
study_1783874294993_yjz84uitu,AHA 2026 Scientific Statement: Deprescribing in CVD,Chiến lược giảm kê đơn (Deprescribing),intl-guideline,cardio,guideline,"Quy trình giảm kê đơn 5 bước, sử dụng công cụ sàng lọc (Beers, STOPP/START) và ra quyết định chia sẻ (SDM)",Đồng thuận khoa học về chiến lược quản lý tình trạng đa hành thuốc (polypharmacy) và giảm kê đơn an toàn ở bệnh nhân tim mạch,"Cung cấp quy trình 5 bước đa chuyên khoa và danh sách các thuốc tim mạch/phi tim mạch (như Aspirin dự phòng tiên phát, PPI kéo dài) có thể xem xét giảm liều hoặc ngừng thuốc",informative,2026,AHA,Scientific Statement,,"Bệnh nhân mắc bệnh tim mạch (CVD) ở mọi lứa tuổi có tình trạng đa thuốc (polypharmacy, dùng từ 5 loại thuốc trở lên)","Tuyên bố khoa học AHA 2026 cung cấp khung hướng dẫn lâm sàng toàn diện về chiến lược giảm kê đơn nhằm giải quyết gánh nặng đa thuốc ở bệnh nhân tim mạch, tối ưu hóa điều trị và giảm tác dụng phụ.","Tình trạng đa thuốc (polypharmacy) ngày càng phổ biến trong tim mạch do việc áp dụng các phác đồ GDMT. Khuyến cáo đề xuất quy trình giảm kê đơn gồm 5 bước: (1) Nhận diện bệnh nhân (đặc biệt người có biến cố bất lợi, té ngã), (2) Rà soát lại danh sách thuốc bằng các công cụ chuẩn hóa như AGS Beers hoặc STOPP/START, (3) Thảo luận ra quyết định chia sẻ (SDM) cùng bệnh nhân, (4) Ngừng hoặc giảm liều thuốc từ từ đối với những thuốc mà nguy cơ vượt quá lợi ích (ví dụ: Aspirin dự phòng tiên phát ở người lớn tuổi, chẹn beta không còn chỉ định, thuốc gây suy giảm nhận thức, PPI kéo dài), (5) Theo dõi sát sự tái phát triệu chứng hoặc hội chứng cai thuốc. Quá trình này đòi hỏi cách tiếp cận đa chuyên khoa bao gồm bác sĩ, dược sĩ và điều dưỡng.",Không áp dụng,https://drive.google.com/file/d/1Fz7ONjZ8dZ91KJbVp-XKWgId2WA6czlc/view?fbclid=IwY2xjawTAobtleHRuA2FlbQIxMABicmlkETFGRUpTMUhMOVZqTjNMQjJac3J0YwZhcHBfaWQQMjIyMDM5MTc4ODIwMDg5MgABHl3MvI-XReuvY8bMx2CuBMcvTkzc_WCRQ6YSy31Wwthk0xvTW-Rnv58_2jL4_aem_47BuknflxIm6BWGRgtgEcA,,false,false,2026-07-12 16:38:14.993+00,Robert J. DiDomenico et al.,,,,,,,,,,,,,,,,"[""I25"", ""I50""]"
study_1783874634558_v2s9u08ct,Blood Pressure Management in Neurologic Emergencies,"Thuốc hạ huyết áp đường tĩnh mạch (Nicardipine, Labetalol, Clevidipine, v.v.)",intl-study,neuro,review,Kiểm soát và cá thể hóa huyết áp mục tiêu tùy theo từng tình trạng cấp cứu thần kinh,"Tổng quan các hướng dẫn, bằng chứng và chiến lược kiểm soát huyết áp nhằm giảm tỷ lệ tử vong và biến chứng","Mục tiêu HA: Đột quỵ thiếu máu (≤185/110 mmHg nếu có can thiệp), xuất huyết não (130-150 mmHg), chấn thương sọ não (SBP ≥110-150 mmHg)",informative,2026,Emerg Med Clin N Am,Review,,"Bệnh nhân cấp cứu thần kinh (đột quỵ thiếu máu cục bộ, xuất huyết não, chấn thương sọ não, tiền sản giật, PRES, RCVS)","Bài tổng quan cung cấp khung hướng dẫn toàn diện về chiến lược quản lý huyết áp cá thể hóa tại khoa cấp cứu, nhấn mạnh sự cân bằng giữa nguy cơ giảm tưới máu não và tổn thương do tăng huyết áp.","Mỗi bệnh lý thần kinh cấp cứu đòi hỏi mục tiêu huyết áp khác nhau. Đối với đột quỵ thiếu máu cục bộ, duy trì HA ≤185/110 mmHg là bắt buộc trước khi tiêu huyết khối hoặc can thiệp. Với xuất huyết não (ICH), hạ huyết áp êm dịu sớm xuống 130-150 mmHg giúp giảm nguy cơ lan rộng khối máu tụ. Đối với chấn thương sọ não (TBI), cần tuyệt đối tránh hạ huyết áp (duy trì SBP >100-110 mmHg, lý tưởng từ 130-150 mmHg) để bảo đảm áp lực tưới máu não (CPP). Ở bệnh nhân tiền sản giật nặng (HA ≥160/110 mmHg), cần hạ áp khẩn cấp trong vòng 30 phút. Các thuốc tĩnh mạch như Nicardipine, Labetalol và Clevidipine là lựa chọn ưu tiên nhờ khả năng khởi phát nhanh và dễ chỉnh liều.",Không áp dụng,https://drive.google.com/file/d/1zlunTMq3wgs5GunkW3zkR2KGtex8XI__/view?fbclid=IwY2xjawTAo4ZleHRuA2FlbQIxMABicmlkETFGRUpTMUhMOVZqTjNMQjJac3J0YwZhcHBfaWQQMjIyMDM5MTc4ODIwMDg5MgABHhhgiBA1oMibkyKEzkvAAlCqQRnyNEaLH3ZqpXi7OlyEXGWRClmHt85yOa0W_aem_fUd4xF4QalgdNwcaSCMFbw,,false,false,2026-07-12 16:43:54.558+00,"Holden Wagstaff, Holly K. Ledyard",,,,,,,,,,,,,,,,"[""I63"", ""I61"", ""I67.4""]"
study_1783915156968_8wsq0fp4m,FOB in Sputum-Negative Pulmonary Tuberculosis,Không áp dụng,intl-study,pulmo,cohort,Nội soi phế quản ống mềm (FOB) lấy dịch rửa phế quản phế nang (BAL) làm xét nghiệm phân tử CBNAAT,Tỷ lệ chẩn đoán dương tính (diagnostic yield) của xét nghiệm BAL-CBNAAT ở bệnh nhân nghi ngờ lao phổi,BAL-CBNAAT phát hiện vi khuẩn lao ở 89/97 bệnh nhân (tỷ lệ 91.75%); soi AFB trên BAL âm tính 100%,informative,2026,Cureus,Observational,97,Bệnh nhân người lớn (≥18 tuổi) có triệu chứng lâm sàng và X-quang nghi ngờ lao phổi nhưng xét nghiệm đờm âm tính với AFB,Nghiên cứu cắt ngang cho thấy nội soi phế quản ống mềm lấy dịch rửa phế quản phế nang để làm xét nghiệm phân tử (CBNAAT) có giá trị chẩn đoán rất cao ở bệnh nhân nghi ngờ lao phổi đờm âm tính.,"Nghiên cứu được thực hiện tại Ấn Độ trên 97 bệnh nhân có triệu chứng và hình ảnh X-quang nghi ngờ lao phổi nhưng có ít nhất 2 mẫu đờm âm tính với AFB. Việc ứng dụng nội soi phế quản ống mềm (FOB) lấy mẫu BAL kết hợp xét nghiệm phân tử CBNAAT (GeneXpert) cho tỷ lệ chẩn đoán dương tính lên đến 91.75%, trong khi soi AFB trực tiếp trên dịch BAL âm tính 100%. Các triệu chứng lâm sàng như ho, sốt, sụt cân và đổ mồ hôi về đêm có mối tương quan có ý nghĩa thống kê với kết quả CBNAAT dương tính. Phương pháp này giúp khắc phục hiệu quả hạn chế của xét nghiệm đờm thông thường, cho phép xác định vi sinh sớm và khởi trị kịp thời cho bệnh nhân.",Không áp dụng,https://pmc.ncbi.nlm.nih.gov/articles/PMC13251655/?fbclid=IwY2xjawTBQXlleHRuA2FlbQIxMABicmlkETE5bEkxWFFNYUU0VFRXb1M3c3J0YwZhcHBfaWQQMjIyMDM5MTc4ODIwMDg5MgABHq6wwDAFZvVv8STC_k7ivxd56QD0LtkUWYDrCJBiii6qBVierxyHUqVyHbZs_aem_XGSslsPMYoEhclubX4EEWw,,true,false,2026-07-13 03:59:16.968+00,Manas Chauda et al.,,,,,,,,,,,,,,,,"[""A15.0""]"
study_1783915432368_3f144b04o,Multimodal bronchoscopy for CPA with post-tubercular bronchial occlusion,"Thuốc kháng nấm (Voriconazole, Isavuconazole) và nội soi phế quản can thiệp",intl-study,pulmo,other,"Nội soi phế quản can thiệp đa phương thức (EBUS-TBNA, rạch điện, nong bóng, áp lạnh và bơm kháng nấm tại chỗ)","Kết cục lâm sàng, hình ảnh học và vi sinh ở bệnh nhân mắc nấm phổi Aspergillus mạn tính (CPA) sau lao","Kiểm soát được sốt, tổn thương đông đặc được hấp thu trên CT, xét nghiệm vi sinh và Galactomannan (GM) âm tính",informative,2026,Frontiers in Medicine,Case Report,1,"Bệnh nhân mắc bệnh nấm phổi Aspergillus mạn tính (CPA) kèm biến chứng tắc phế quản sau lao, kém đáp ứng hoặc không dung nạp kháng nấm toàn thân",Báo cáo ca lâm sàng chứng minh tính khả thi và hiệu quả của chiến lược nội soi phế quản can thiệp đa phương thức trong việc quản lý bệnh nấm phổi mạn tính (CPA) có biến chứng tắc nghẽn phế quản sau lao.,"Bệnh nhân CPA sau lao thường đáp ứng kém với thuốc kháng nấm toàn thân do tổn thương cấu trúc phổi (xơ hóa, tắc nghẽn phế quản) làm giảm nồng độ thuốc tại đích, trong khi phẫu thuật lại tiềm ẩn nhiều rủi ro. Ở ca lâm sàng này, một bệnh nhân nữ 36 tuổi bị tắc phế quản sau lao không dung nạp với voriconazole đường uống. Việc kết hợp can thiệp nội soi đa phương thức (gồm EBUS-TBNA, rạch bằng dao điện, nong bóng, áp lạnh và bơm voriconazole trực tiếp tại chỗ) đã giúp tái thông đường thở, dẫn lưu ổ mủ và đưa thuốc trực tiếp vào ổ nhiễm trùng. Sau can thiệp, bệnh nhân hết sốt hoàn toàn, tổn thương trên CT được hấp thu và xét nghiệm âm tính. Đây là một chiến lược thay thế hứa hẹn và an toàn cho những bệnh nhân thất bại với kháng nấm toàn thân và không có chỉ định phẫu thuật.",Không áp dụng,https://pmc.ncbi.nlm.nih.gov/articles/PMC13219025/?fbclid=IwY2xjawTBQlhleHRuA2FlbQIxMABicmlkETE5bEkxWFFNYUU0VFRXb1M3c3J0YwZhcHBfaWQQMjIyMDM5MTc4ODIwMDg5MgABHhQdg74rYeARbLMS-M1vEV5T-LjT53fJARaf20pkkfhfcmvNvma6YoXw-9tn_aem_JW0fdgPYCkEzk820X3mcCQ,,true,false,2026-07-13 04:03:52.368+00,Wenjie Wu et al.,,,,,,,,,,,,,,,,"[""B44.1"", ""A15""]"
study_1783993565282_21kdul0ig,SFMU/SRLF 2026 Guidelines for Respiratory Distress,Không áp dụng,intl-guideline,pulmo,guideline,"Phân loại mức độ nặng (triage), theo dõi dấu sinh tồn, khí máu, siêu âm tim-phổi, xét nghiệm sinh học và chẩn đoán hình ảnh","Đồng thuận các khuyến cáo lâm sàng về đánh giá mức độ nặng, phân loại cấp cứu và chẩn đoán nguyên nhân bệnh nhân suy hô hấp",Không dùng khí máu tĩnh mạch đánh giá hypoxemia; ưu tiên chiến lược YEARS/PEGED cho thuyên tắc phổi; siêu âm tim-phổi giúp cải thiện chẩn đoán,practice-changing,2026,SFMU/SRLF,Guidelines,,Bệnh nhân người lớn nhập viện tại khoa cấp cứu với biểu hiện suy hô hấp cấp,"Hướng dẫn lâm sàng của SFMU và SRLF 2026 cung cấp 20 khuyến cáo cập nhật về tiếp cận ban đầu bệnh nhân suy hô hấp cấp tại khoa cấp cứu, từ quy trình phân loại (triage) đến chiến lược chẩn đoán tối ưu.","Hướng dẫn nhấn mạnh sự cần thiết của việc áp dụng các thang điểm triage có cấu trúc. Nhịp thở >25 lần/phút được xác định là dấu hiệu nguy cơ cao dẫn đến đặt nội khí quản và tử vong. Khí máu tĩnh mạch bị chống chỉ định (GRADE 1) trong đánh giá giảm oxy máu, tuy nhiên SpO2 >96% có thể loại trừ PaO2 <60 mmHg, và PvCO2 bình thường (<45 mmHg) giúp loại trừ tăng CO2 máu (>50 mmHg). Trong chẩn đoán nghi ngờ thuyên tắc phổi (PE), chiến lược YEARS và PEGED được ưu tiên để giảm lạm dụng chụp CT mạch máu so với các thang điểm cổ điển. Siêu âm tim-phổi tích hợp tại giường được khuyến cáo (GRADE 2) giúp phân biệt nguyên nhân hô hấp và tim mạch. BNP/NT-proBNP được đề xuất để loại trừ suy tim cấp, nhưng hiện chưa đủ bằng chứng để sử dụng CRP/PCT định hướng khởi trị kháng sinh tại khoa cấp cứu. Chụp CT ngực liều thấp có thể được cân nhắc trong các trường hợp nghi ngờ viêm phổi cộng đồng nhưng chẩn đoán chưa rõ ràng. Đối với người cao tuổi, tình trạng suy yếu (frailty) và mất tự chủ chức năng là các yếu tố tiên lượng tử vong quan trọng hơn tuổi tác thuần túy.",Không áp dụng,https://drive.google.com/file/d/135X5Qr8a5wbncdKELPrPmxGMizVK6O6F/view?fbclid=IwY2xjawTCcmFleHRuA2FlbQIxMABicmlkETFXVk05OVpuYmlueWJ4Z0dwc3J0YwZhcHBfaWQQMjIyMDM5MTc4ODIwMDg5MgABHoTehcttC3YzrveT_2qfSXVeVaernOghGc0aaQ7zLLEtY4azu2yPV1UlbivF_aem_xfpJr5gWWyFyUrxrgAfb5A,,false,false,2026-07-14 01:46:05.282+00,P. Le Borgne et al.,,,,,,,,,,,,,,,,"[""R06.0"", ""J96.0""]"
study_1784102700625_ai6idq5dz,MDPI 2026: Rare NFGNB Pneumonia Review,"Kháng sinh (TMP-SMX, Fluoroquinolones, Carbapenems, Cefiderocol, CZA)",intl-study,infect,review,Chẩn đoán định danh vi khuẩn bằng MALDI-TOF MS/16S rRNA và cá thể hóa điều trị kháng sinh dựa trên giá trị MIC,"Tổng quan về dịch tễ học, yếu tố nguy cơ và chiến lược điều trị kháng sinh đối với viêm phổi do vi khuẩn Gram âm không lên men (NFGNB) hiếm gặp",Điều trị theo kinh nghiệm thường thất bại do đề kháng nội tại; phác đồ bắt buộc dựa vào MIC và phối hợp kháng sinh trong trường hợp nhiễm trùng nặng,informative,2026,MDPI,Review,,"Bệnh nhân viêm phổi do vi khuẩn Gram âm không lên men (NFGNB) hiếm gặp, thường có suy giảm miễn dịch, xơ nang (CF) hoặc điều trị tại ICU","Bài tổng quan hệ thống hóa các đặc điểm dịch tễ học, yếu tố nguy cơ và cung cấp thuật toán tiếp cận chẩn đoán, tối ưu hóa điều trị kháng sinh dựa trên MIC cho bệnh viêm phổi do các vi khuẩn NFGNB hiếm gặp.","Các chủng NFGNB hiếm gặp (như Achromobacter, Burkholderia, Sphingomonas, Aeromonas) ngày càng phổ biến trong các ca viêm phổi bệnh viện và viêm phổi liên quan đến thở máy, đặc biệt ở bệnh nhân xơ nang (CF) hoặc suy giảm miễn dịch. Do các vi khuẩn này có tỷ lệ kháng thuốc tự nhiên và đa kháng (MDR) cao, phương pháp điều trị theo kinh nghiệm thường không đủ hiệu quả. Hướng dẫn nhấn mạnh việc sử dụng MALDI-TOF MS để nhận diện vi khuẩn sớm và điều chỉnh phác đồ kháng sinh theo giá trị MIC. Mặc dù TMP-SMX, Fluoroquinolones và Carbapenems thường được sử dụng, lựa chọn thuốc thay đổi mạnh tùy theo loài. Trong các trường hợp nhiễm trùng nặng, cần xem xét liệu pháp phối hợp hoặc sử dụng các thuốc mới như Cefiderocol hay Ceftazidime-avibactam (CZA).",Không áp dụng,https://pmc.ncbi.nlm.nih.gov/articles/PMC13203845/?fbclid=IwY2xjawTEHU5leHRuA2FlbQIxMABicmlkETFQV2dUWGRSZDV5OEE1S3F5c3J0YwZhcHBfaWQQMjIyMDM5MTc4ODIwMDg5MgABHvKc1VMjuOGKfAdbHl3QjO8_z4PRsiO2PwW7JTNdTG4GVq9CU5fCSSU4thh4_aem_HaykP2KlgRizVr1MPvaE0Q,,true,false,2026-07-15 08:05:00.625+00,Alessandro Capone et al.,,,,,,,,,,,,,,,,"[""J15.6"", ""J18.9""]"
study_1784198614286_exgg0i1xs,WHO Dementia Risk Reduction Guidelines 2026,Can thiệp đa lĩnh vực và kiểm soát yếu tố nguy cơ,intl-guideline,neuro,guideline,"Can thiệp thay đổi hành vi lối sống, quản lý bệnh lý nền (đái tháo đường, tăng huyết áp, thính lực...) và giảm phơi nhiễm môi trường",Giảm nguy cơ hoặc tỷ lệ mắc mới suy giảm nhận thức và sa sút trí tuệ,"Khuyến cáo can thiệp đa lĩnh vực, giảm ô nhiễm không khí; khuyến cáo KHÔNG dùng MHT để dự phòng sa sút trí tuệ ở phụ nữ ≥65 tuổi",practice-changing,2026,WHO,Guidelines,,Người lớn không mắc sa sút trí tuệ (nhận thức bình thường hoặc suy giảm nhận thức nhẹ - MCI),"Phiên bản thứ hai (2026) của WHO mở rộng các khuyến cáo dựa trên bằng chứng về việc thay đổi lối sống, quản lý bệnh lý và kiểm soát môi trường nhằm phòng ngừa sa sút trí tuệ.","Hướng dẫn cập nhật 19 yếu tố nguy cơ, trong đó đưa ra các khuyến cáo mới về việc giảm phơi nhiễm ô nhiễm không khí (trong nhà và ngoài trời, đặc biệt là PM2.5) và áp dụng các can thiệp đa lĩnh vực được cá thể hóa. Đáng chú ý, WHO đưa ra khuyến cáo có điều kiện chống lại việc sử dụng liệu pháp hormone mãn kinh (MHT) ở phụ nữ từ 65 tuổi trở lên nếu chỉ vì mục đích phòng ngừa sa sút trí tuệ. Hướng dẫn tiếp tục củng cố các biện pháp kiểm soát đái tháo đường, tăng huyết áp, béo phì, suy giảm thính lực, cùng các can thiệp lối sống thiết yếu như vận động thể chất, ăn uống lành mạnh và cai thuốc lá.",Không áp dụng,https://iris.who.int/server/api/core/bitstreams/ea44b7f6-b09f-4e6f-b8c7-2e5b0fcc9a99/content,,false,false,2026-07-16 10:43:34.286+00,World Health Organization,,,,,,,,,,,,,,,,"[""F03"", ""G30""]"
study_1784201252511_jcbmlv86w,Australian Pediatric Hypertension Guideline 2026,"Thuốc hạ huyết áp (ACEi, ARB, CCB)",intl-guideline,cardio,guideline,"Sàng lọc huyết áp định kỳ, chẩn đoán bằng đo huyết áp lưu động (ABPM), can thiệp lối sống và điều trị thuốc hạ áp","Đồng thuận các khuyến cáo lâm sàng về sàng lọc, chẩn đoán, đánh giá tổn thương cơ quan đích và quản lý tăng huyết áp",Ngưỡng sàng lọc đơn giản hóa: 120/80 mmHg (6-11 tuổi) và 130/85 mmHg (12-17 tuổi); thuốc hạ áp đầu tay là ACEi/ARB hoặc CCB kéo dài,practice-changing,2026,RACP,Guidelines,,Trẻ em và thanh thiếu niên (dưới 18 tuổi) mắc hoặc có nguy cơ tăng huyết áp tại Úc,"Hướng dẫn năm 2026 của Úc cung cấp khung thực hành lâm sàng thống nhất nhằm tầm soát, chẩn đoán và quản lý bệnh tăng huyết áp ở trẻ em và thanh thiếu niên, giới thiệu các ngưỡng sàng lọc đơn giản hóa và nhấn mạnh vai trò của đo huyết áp lưu động (ABPM).","Hướng dẫn khuyến cáo tầm soát huyết áp định kỳ ở độ tuổi 7-9 và 13-15 tuổi cho trẻ không có yếu tố nguy cơ. Để dễ dàng áp dụng tại cơ sở y tế tuyến đầu, các ngưỡng sàng lọc được đơn giản hóa: 120/80 mmHg cho trẻ 6-11 tuổi và 130/85 mmHg cho trẻ 12-17 tuổi. Việc chẩn đoán xác định cần ưu tiên sử dụng đo huyết áp lưu động (ABPM) để loại trừ tăng huyết áp áo choàng trắng. Can thiệp lối sống (như chế độ ăn DASH, giảm muối, vận động 30-60 phút 3-5 ngày/tuần) là nền tảng điều trị ban đầu. Khi cần dùng thuốc, ưu tiên chỉ định thuốc ức chế men chuyển (ACEi), chẹn thụ thể (ARB) hoặc chẹn kênh canxi (CCB) tác dụng kéo dài. Riêng đối với bệnh nhân có bệnh thận mạn tính (CKD), ACEi/ARB là ưu tiên tuyệt đối với mục tiêu kiểm soát huyết áp khắt khe hơn (< bách phân vị thứ 50 theo ABPM).",Không áp dụng,https://drive.google.com/file/d/1qgSquawHKm4l2frdQQzB2jgOhUKQdyvp/view?fbclid=IwY2xjawTFn6hleHRuA2FlbQIxMABicmlkETFncnRmeXJvVnJYVDRkYWlCc3J0YwZhcHBfaWQQMjIyMDM5MTc4ODIwMDg5MgABHttm44dtCe8LCSTKXC8Z49q9sNThHfKYDKpNSrznlBXVPrR-WMVbgtnyaDD4_aem_kIy-6UToAS4mS3XQa3W7fw,,false,false,2026-07-16 11:27:32.511+00,N. G. Larkins et al.,,,,,,,,,,,,,,,,"[""I10""]"
study_1784201407856_17hl4qiwi,AHA/ACC 2025 High Blood Pressure Guideline,"Thuốc hạ huyết áp (ACEi, ARB, CCB, Lợi tiểu) và thay đổi lối sống",intl-guideline,cardio,guideline,"Tầm soát, phân tầng nguy cơ bằng thang điểm PREVENT và điều trị hạ huyết áp theo mục tiêu cá thể hóa","Đồng thuận các khuyến cáo lâm sàng về dự phòng, chẩn đoán, đánh giá và quản lý bệnh tăng huyết áp ở người lớn",Mục tiêu huyết áp chuẩn <130/80 mmHg (khuyến khích <120 mmHg); khởi trị THA độ 2 ưu tiên viên kết hợp liều cố định (SPC); sử dụng thang điểm PREVENT (ngưỡng >= 7.5%) để đánh giá rủi ro tim mạch 10 năm,practice-changing,2025,AHA/ACC,Guidelines,,Người lớn mắc hoặc có nguy cơ cao mắc bệnh tăng huyết áp,"Khuyến cáo AHA/ACC 2025 cập nhật toàn diện về quản lý tăng huyết áp, thay thế các thang điểm cũ bằng PREVENT, áp dụng mục tiêu huyết áp khắt khe hơn (<130/80 mmHg) và ưu tiên chiến lược khởi trị bằng viên kết hợp.","Hướng dẫn 2025 thay thế cho bản năm 2017, đưa ra thay đổi lớn là việc ứng dụng công cụ PREVENT để đánh giá nguy cơ tim mạch 10 năm. Khuyến cáo khởi trị bằng thuốc ở bệnh nhân có HA >= 130/80 mmHg nếu kèm bệnh tim mạch lâm sàng, đái tháo đường, CKD hoặc nguy cơ theo PREVENT >= 7.5%. Mục tiêu điều trị chung là <130/80 mmHg, và đặc biệt khuyến khích đạt ngưỡng SBP <120 mmHg nếu dung nạp tốt để giảm tối đa rủi ro tim mạch. Hướng dẫn ưu tiên sử dụng viên kết hợp liều cố định (SPC) phối hợp 2 nhóm thuốc đầu tay cho bệnh nhân THA độ 2 để tăng tỷ lệ tuân thủ điều trị. Bên cạnh đó, nhấn mạnh tầm quan trọng của theo dõi huyết áp tại nhà (HBPM) tích hợp công nghệ y tế từ xa, và bắt buộc sàng lọc cường aldosterone tiên phát ở các bệnh nhân THA kháng trị bất kể có hạ kali máu hay không. Đối với phụ nữ mang thai, ngưỡng chẩn đoán và điều trị cũng được làm rõ với labetalol và nifedipine kéo dài là thuốc ưu tiên.",Không áp dụng,https://www.ahajournals.org/doi/epub/10.1161/CIR.0000000000001356,,true,false,2026-07-16 11:30:07.856+00,Daniel W. Jones et al.,,,,,,,,,,,,,,,,"[""I10""]"
study_1784205417171_l1erx437u,CRAVE Trial: Effects of Coffee Consumption on Health,Cà phê có chứa caffeine,intl-study,cardio,rct,Uống cà phê có chứa caffeine so với tránh hoàn toàn caffeine (thiết kế case-crossover),Số lượng ngoại tâm thu nhĩ (premature atrial contractions) trung bình hàng ngày,"Không khác biệt ý nghĩa về ngoại tâm thu nhĩ (RR 1.09; 95% CI 0.98-1.20; p=0.10); tăng ngoại tâm thu thất (RR 1.51), tăng 1058 bước chân/ngày và giảm 36 phút ngủ/đêm",informative,2023,NEJM,RCT,100,Người lớn khỏe mạnh ngoại trú không có tiền sử rung nhĩ hoặc suy tim,"Thử nghiệm ngẫu nhiên cho thấy tiêu thụ cà phê không làm tăng các cơn ngoại tâm thu nhĩ, nhưng có liên quan đến việc gia tăng ngoại tâm thu thất, tăng cường mức độ hoạt động thể chất và làm giảm thời gian ngủ.","Nghiên cứu CRAVE áp dụng thiết kế case-crossover trên 100 người tham gia được gắn thiết bị theo dõi liên tục. Kết quả cho thấy uống cà phê chứa caffeine không làm tăng ý nghĩa thống kê số cơn ngoại tâm thu nhĩ so với khi không dùng caffeine. Tuy nhiên, việc uống cà phê làm tăng số cơn ngoại tâm thu thất (154 so với 102 cơn/ngày). Về mặt lối sống, uống cà phê giúp tăng đáng kể số bước chân (thêm trung bình 1058 bước/ngày) nhưng lại làm giảm thời gian ngủ (ít hơn 36 phút/đêm). Không có tác động nào đến mức đường huyết trung bình hàng ngày được ghi nhận. Các phân tích cho thấy tác động của cà phê lên giấc ngủ có khuynh hướng trầm trọng hơn ở nhóm người có gen chuyển hóa caffeine chậm.",Không áp dụng,https://www.nejm.org/doi/pdf/10.1056/NEJMoa2204737,,true,false,2026-07-16 12:36:57.171+00,Gregory M. Marcus et al.,,,,,,,,,,,,,,,,"[""I49"", ""I10""]"
study_1784259671473_7cc1ujoru,Antibiotic Considerations in the Critically Ill,"Kháng sinh phổ rộng (Beta-lactam, Vancomycin, Aminoglycosides...)",intl-study,infect,review,Lựa chọn kháng sinh theo kinh nghiệm và tối ưu hóa liều dựa trên dược động học/dược lực học (PK/PD),"Tổng quan các nguyên tắc lựa chọn kháng sinh, tối ưu hóa PK/PD và cá thể hóa liều lượng tại ICU","Truyền kéo dài Beta-lactam giúp tối ưu fT>MIC; cần giám sát TDM và cá thể hóa liều ở bệnh nhân AKI, CRRT, ECMO",informative,2026,Crit Care Clin,Review,,Bệnh nhân nặng điều trị tại khoa hồi sức tích cực (ICU) có nghi ngờ hoặc xác định mắc các bệnh lý nhiễm khuẩn,"Bài tổng quan cung cấp các nguyên tắc cốt lõi về việc lựa chọn kháng sinh theo kinh nghiệm dựa trên hội chứng lâm sàng, yếu tố nguy cơ và cách tối ưu hóa chế độ liều (PK/PD) ở bệnh nhân ICU nhằm cải thiện kết cục.","Đối với bệnh nhân sốc nhiễm khuẩn, việc chậm trễ kháng sinh làm tăng tỷ lệ tử vong, do đó cần khởi trị sớm. Truyền tĩnh mạch kéo dài (prolonged/continuous infusion) đối với Beta-lactam được khuyến cáo nhằm tối ưu hóa thời gian nồng độ thuốc tự do duy trì trên MIC (fT>MIC). Liều lượng cần được cá thể hóa và đánh giá lại liên tục ở bệnh nhân tổn thương thận cấp (AKI), hoặc đang áp dụng các liệu pháp hỗ trợ ngoài cơ thể (CRRT, ECMO) do sự biến đổi phức tạp của PK (như tăng thể tích phân bố, thanh thải bị thay đổi). Ngoài ra, ứng dụng các công cụ chẩn đoán nhanh như PCR MRSA dịch tỵ hầu có giá trị tiên đoán âm tính cao (>95%), giúp ngưng sớm Vancomycin an toàn ở bệnh nhân viêm phổi. Việc giám sát nồng độ thuốc trị liệu (TDM) cho Vancomycin, Aminoglycoside và một số Beta-lactam được khuyến khích khi có sẵn.",Không áp dụng,https://drive.google.com/file/d/1V0ey2paO8Enbt8U4OtH1xK0Vn_MIS6Tn/view?ts=6a58efa8,Kho Guidelines/ks-cho-bn-nang.html,false,false,2026-07-17 03:41:11.473+00,,,,,,,,,,,,,,,,,"[""A41.9"", ""R57.2""]"
study_1784471364054_4yzczz1va,Hướng dẫn chẩn đoán và điều trị Bệnh phổi tắc nghẽn mạn tính (Bộ Y tế 2026),"Thuốc giãn phế quản (SABA, LABA, LAMA, SAMA), ICS và các thuốc điều trị đợt cấp (Kháng sinh, Corticosteroid toàn thân)",vn-moh,pulmo,guideline,"Sàng lọc chủ động, chẩn đoán qua đo chức năng hô hấp, phân loại nhóm ABE, lựa chọn dụng cụ hít phù hợp và cá thể hóa phác đồ điều trị","Cung cấp hướng dẫn và phác đồ chuẩn quốc gia về chẩn đoán, điều trị giai đoạn ổn định, xử trí đợt cấp và quản lý bệnh đồng mắc cho bệnh nhân COPD",Áp dụng phân nhóm ABE theo GOLD 2026. Khởi trị nhóm B bằng LABA+LAMA; nhóm E ưu tiên LABA+LAMA hoặc phối hợp bộ ba ICS+LABA+LAMA nếu BCAT máu >= 300 tế bào/µL.,practice-changing,2026,Bộ Y tế Việt Nam,Guidelines,,Bệnh nhân mắc hoặc có nguy cơ cao mắc bệnh phổi tắc nghẽn mạn tính (COPD) tại Việt Nam,"Hướng dẫn quốc gia mới nhất năm 2026 do Bộ Y tế ban hành cập nhật chiến lược chẩn đoán và điều trị COPD, nổi bật với việc áp dụng mô hình phân nhóm ABE và quản lý chặt chẽ bệnh lý tim mạch đồng mắc.","Bản cập nhật 2026 thay thế cho phiên bản 2023, đồng bộ hóa với hướng dẫn GOLD 2026. Hướng dẫn nhấn mạnh việc phân loại bệnh nhân theo nhóm A, B, E để cá thể hóa điều trị duy trì: loại bỏ ICS đơn trị liệu, ưu tiên viên kết hợp LABA+LAMA cho nhóm B và cân nhắc dùng ICS+LABA+LAMA cho nhóm E nếu bạch cầu ái toan >= 300 tế bào/µL. Đợt cấp COPD được phân độ nặng theo đề xuất Rome 2022 và Anthonisen, có phác đồ kháng sinh rõ ràng bao gồm đánh giá nguy cơ nhiễm Pseudomonas aeruginosa. Hướng dẫn cũng dành sự chú trọng đặc biệt vào việc quản lý các bệnh đồng mắc (suy tim, bệnh mạch vành, ung thư phổi), khẳng định việc sử dụng thuốc chẹn beta chọn lọc trên bệnh nhân COPD có chỉ định tim mạch là an toàn và mang lại lợi ích.",Khuyến cáo của Bộ Y tế Việt Nam,https://drive.google.com/drive/folders/14UO4LFQG2z3u-5EfGsgXgEVvB9VCyFF8?fbclid=IwY2xjawTJvaBleHRuA2FlbQIxMABicmlkETFyNkxZMjJWUUFsRXpmN2N1c3J0YwZhcHBfaWQQMjIyMDM5MTc4ODIwMDg5MgABHtsNAR2YYJEvg8C7tBLEzPD2SysSg-D4o1v4YhpKG8m0TZvp03BVduli6eBM_aem_G_3iB7mQmU98Y9oUZHdfqg,Kho Guidelines/byt-copd-2026.html,true,false,2026-07-19 14:29:24.054+00,,,,,,,,,,,,,,,,,"[""J44"", ""J44.1""]"
study_1784538506024_4kapxl2xu,APASL CHB Guidelines 2026,"Thuốc kháng virus (Nucleos(t)ide analogs: TAF, TDF, ETV, TMF) và Peg-IFN-α",intl-guideline,gi,guideline,"Tầm soát phổ quát, đánh giá xơ hóa không xâm lấn và mở rộng chỉ định điều trị kháng virus (chiến lược treat-all)","Đồng thuận các khuyến cáo lâm sàng về dự phòng, chẩn đoán, quản lý điều trị và tầm soát ung thư biểu mô tế bào gan ở bệnh nhân CHB","Mở rộng chỉ định điều trị cho mọi bệnh nhân có HBV DNA phát hiện được và ALT > ULN; ưu tiên tầm soát HCC bằng kết hợp Siêu âm, AFP và PIVKA-II",practice-changing,2026,APASL,Guidelines,,"Người lớn, trẻ em và phụ nữ mang thai mắc hoặc có nguy cơ nhiễm virus viêm gan B mạn tính tại khu vực Châu Á - Thái Bình Dương","Hướng dẫn thực hành lâm sàng cập nhật năm 2026 của APASL cung cấp các khuyến cáo toàn diện nhằm quản lý bệnh viêm gan B mạn tính, nổi bật với việc nới lỏng tiêu chuẩn khởi trị hướng đến chiến lược điều trị cho tất cả (treat-all) và thiết lập các mục tiêu chữa khỏi chức năng.","Hướng dẫn APASL 2026 thay đổi quan trọng khi ủng hộ chiến lược điều trị mở rộng (treat-all) cho những bệnh nhân có HBV DNA dương tính và ALT vượt giới hạn trên của mức bình thường (ULN), bất kể giai đoạn xơ hóa gan hay tình trạng HBeAg, nhằm giảm rủi ro HCC từ sự tích hợp virus. Các thuốc NUCs có hàng rào kháng thuốc cao (TAF, TDF, ETV, TMF) tiếp tục là lựa chọn đầu tay, trong đó TAF/ETV được ưu tiên cho bệnh nhân có nguy cơ bệnh thận hoặc xương. Nhằm hướng đến mục tiêu chữa khỏi chức năng (functional cure), có thể cân nhắc thêm Peg-IFN-α trong thời gian hữu hạn cho nhóm bệnh nhân không xơ gan đang dùng NUCs có mức HBsAg thấp (< 1500 IU/mL). Đánh giá xơ hóa ưu tiên dùng các thang điểm sinh hóa (FIB-4, APRI) và đo độ đàn hồi gan (VCTE) thay vì sinh thiết. Tầm soát ung thư gan (HCC) bằng Siêu âm, AFP và PIVKA-II được khuyến cáo mỗi 6 tháng ở nhóm nguy cơ cao (điểm mPAGE-B >= 9). Thai phụ có HBV DNA >= 200,000 IU/mL cần điều trị dự phòng lây truyền mẹ con bằng TDF hoặc TAF vào 3 tháng cuối thai kỳ.",Không áp dụng,https://drive.google.com/drive/folders/1xWHu9eXwTgphr_qBfkw6UqWtrimAEJdH?fbclid=IwY2xjawTKw4xleHRuA2FlbQIxMABicmlkETFETkNpZWJwVXp4ckw4UUJKc3J0YwZhcHBfaWQQMjIyMDM5MTc4ODIwMDg5MgABHpC220ODd10Xg3CYW_nzwmzZeZv5ST_dpqetx1ggr49PgLiqhP8Tn1wDa0M5_aem_h11Ku79GgWRU6bJkMY5Hzw,Kho Guidelines/apasl-vgsvb-2026.html,true,false,2026-07-20 09:08:26.024+00,,,,,,,,,,,,,,,,,"[""B18.1""]"
study_1784861643651_vg3pd16ay,Hướng dẫn chẩn đoán và điều trị viêm phổi mắc phải cộng đồng ở người lớn (Bộ Y tế 2026),"Kháng sinh (Beta-lactam, Macrolid, Fluoroquinolon, Doxycyclin, Vancomycin, Linezolid), Thuốc kháng virus (Oseltamivir), Corticosteroid",vn-moh,pulmo,guideline,"Chẩn đoán bằng thang điểm (CURB-65, PSI), xét nghiệm vi sinh/PCT, và cá thể hóa phác đồ kháng sinh theo mức độ nặng và nguy cơ kháng thuốc (PES)","Cung cấp hướng dẫn quốc gia chuẩn hóa về chẩn đoán, đánh giá mức độ nặng, và phác đồ điều trị kháng sinh VPMPCĐ ở người lớn",Bổ sung chỉ định corticoid trong VPMPCĐ nặng; ưu tiên phối hợp Macrolid với Beta-lactam cho bệnh nhân nội trú trung bình-nặng; bổ sung phác đồ cho B. pseudomallei,practice-changing,2026,Bộ Y tế Việt Nam,N/A,,Bệnh nhân người lớn mắc viêm phổi mắc phải cộng đồng (VPMPCĐ) tại Việt Nam,"Hướng dẫn quốc gia cập nhật năm 2026 về VPMPCĐ ở người lớn cung cấp quy trình chẩn đoán đa phương thức, phân tầng mức độ nặng và phác đồ kháng sinh cá thể hóa. Điểm mới nổi bật là việc bổ sung hướng dẫn chi tiết về sử dụng corticoid trong VPMPCĐ nặng và mở rộng chăm sóc bệnh nhân rất nặng tại các trung tâm chuyên khoa hô hấp.","Khuyến cáo đánh giá mức độ nặng bệnh nhân bằng thang điểm CURB-65, PSI và tiêu chuẩn ATS để phân tuyến điều trị ngoại trú, nội trú hoặc ICU. Về phác đồ kháng sinh: Bệnh nhân ngoại trú không bệnh nền ưu tiên Amoxicillin, Doxycyclin hoặc Macrolid. Bệnh nhân có yếu tố nguy cơ ưu tiên phối hợp Beta-lactam/ức chế beta-lactamase hoặc Cephalosporin với Macrolid, hoặc Quinolon hô hấp đơn trị. Bệnh nhân nội trú trung bình-nặng dùng Beta-lactam TTM phối hợp Macrolid hoặc Quinolon. Đối với viêm phổi nặng, cần dùng thang điểm PES để đánh giá nguy cơ nhiễm vi khuẩn đa kháng (MRSA, Pseudomonas) và hướng dẫn nhấn mạnh chỉ định sớm Corticoid (Hydrocortisone 200mg/ngày hoặc Methylprednisolone 0.5mg/kg mỗi 12h) trong 24 giờ đầu có hoặc không kèm sốc nhiễm khuẩn.",Quyết định số 2147/QĐ-BYT,https://kcb.vn/upload/2005611/20260723/Huong_dan_CD_v__DT_VPMPCD_singed_5fa4c.pdf,,true,false,2026-07-24 02:54:03.651+00,,,,,,,,,,,,,,,,,"[""J18.9"", ""J15""]"
study_1784865489746_iuj1c1tyx,Cập nhật Toàn cầu về Chuyên khoa Cấp cứu (Emergency Medicine Around the World 2025),Không áp dụng,intl-study,icu,other,"Khảo sát cắt ngang về quá trình phát triển, quy mô đào tạo và hạ tầng của chuyên khoa cấp cứu (EM) thông qua chương trình Đại sứ quốc tế ACEP [1], [2].","Đánh giá mức độ công nhận chuyên khoa, số lượng bác sĩ cấp cứu, chương trình đào tạo và điều kiện làm việc trên toàn cầu [1].","91% (63/69) quốc gia công nhận Cấp cứu là một chuyên khoa; ghi nhận 113.254 bác sĩ cấp cứu làm việc tại 78.175 khoa cấp cứu [1], [3].",informative,2025,ACEP,N/A,,"69 quốc gia tham gia khảo sát, đại diện cho khoảng 75% dân số toàn cầu (6.05 tỷ người) [1], [4].","Nghiên cứu cắt ngang của chương trình Đại sứ ACEP cho thấy chuyên khoa Cấp cứu đang tiếp tục phát triển mạnh mẽ trên toàn cầu [1], [5]. Tỷ lệ công nhận chuyên khoa, số lượng bác sĩ cấp cứu (EMRTP) và chương trình đào tạo nội trú đều tăng đáng kể so với đánh giá vào năm 2019 [5], [6].","Dữ liệu khảo sát từ 69 quốc gia cho thấy chuyên khoa Cấp cứu (EM) đã được công nhận ở 91% (63/69) số quốc gia phản hồi [1], [4]. Hiện có tổng cộng 113.254 bác sĩ đã qua đào tạo nội trú EM đang hành nghề [1], [3]. Tuy nhiên, sự phân bố nguồn lực rất không đồng đều, trong đó các quốc gia có thu nhập trung bình cao và cao sở hữu số lượng bác sĩ cấp cứu trên đầu người vượt trội hơn hẳn so với các nước thu nhập thấp [1], [7], [8]. Nhóm nghiên cứu đề xuất các chỉ số chuẩn (benchmarks) cơ bản như 0.8 khoa cấp cứu và 1.0 bác sĩ cấp cứu trên 100.000 dân, cùng với 0.4 chương trình đào tạo trên 1 triệu dân, để làm cơ sở định hướng đầu tư phát triển hệ thống chăm sóc cấp cứu [9], [10].",Không áp dụng,https://doi.org/10.1016/j.acepjo.2025.100108,,true,false,2026-07-24 03:58:09.746+00,,,,,,,,,,,,,,,,,"[""R57.9"", ""I46.9""]"
study_1784865606971_tydbparuo,Cập nhật ưu tiên nghiên cứu Y học Cấp cứu (Refreshing the emergency medicine research priorities),Không áp dụng,intl-study,icu,other,Thiết lập và ưu tiên hóa các câu hỏi nghiên cứu cấp bách nhất trong Y học cấp cứu thông qua mô hình hợp tác JLA PSP,Xác định 10 ưu tiên nghiên cứu cốt lõi chưa được giải đáp trong chăm sóc cấp cứu người lớn,"Xác định 10 ưu tiên hàng đầu, trong đó ưu tiên số 1 là tối ưu hóa chăm sóc bệnh nhân tâm thần; giữ lại 4 ưu tiên của năm 2017 (tâm thần, chăm sóc cuối đời, quá tải ED, nhân sự)",informative,2023,"RCEM, JLA, BMJ",N/A,,"Bệnh nhân người lớn tại khoa cấp cứu (ED), người chăm sóc và nhân viên y tế tại Vương quốc Anh","Nghiên cứu cập nhật 10 ưu tiên nghiên cứu hàng đầu trong lĩnh vực Y học Cấp cứu tại Vương quốc Anh, nhấn mạnh sự cấp thiết của việc tối ưu hóa chăm sóc bệnh nhân tâm thần, giảm quá tải cấp cứu và quản lý chấn thương ở người cao tuổi.","Qua quá trình khảo sát và sàng lọc nghiêm ngặt từ 77 câu hỏi ban đầu dựa trên mô hình của James Lind Alliance (JLA), 10 ưu tiên nghiên cứu cốt lõi đã được thống nhất. Các lĩnh vực được ưu tiên cao nhất bao gồm: (1) tối ưu hóa chăm sóc bệnh nhân có vấn đề sức khỏe tâm thần tại khoa cấp cứu; (2) quản lý bệnh nhân chấn thương lớn tuổi suy yếu; (3) chấn thương sọ não ở người dùng thuốc chống đông/kháng tiểu cầu; và (4) chỉ định MRI cấp cứu để loại trừ hội chứng chùm đuôi ngựa. Các thách thức mang tính hệ thống như tình trạng quá tải khoa cấp cứu (crowding) và giữ chân nhân viên tiếp tục là những ưu tiên nổi cộm. Báo cáo định hướng trực tiếp cho các chương trình tài trợ nghiên cứu cấp quốc gia trong những năm tới.",Không áp dụng,https://doi.org/10.1136/emermed-2022-213019,,false,false,2026-07-24 04:00:06.971+00,,,,,,,,,,,,,,,,,"[""R57.9""]"
study_1784865763206_ychevp0pb,Tổng hợp các thử nghiệm lâm sàng ngẫu nhiên hàng đầu về ngừng tim năm 2023 (Top cardiac arrest randomised trials of 2023),Methylprednisolone,intl-study,icu,review,"Đánh giá 4 chiến lược can thiệp: ECPR (INCEPTION), Tăng CO2 máu nhẹ (TAME), Chuyển viện tuyến trung tâm chuyên sâu (ARREST), và tiêm tĩnh mạch Methylprednisolone (STEROHCA)",Tỷ lệ tử vong và kết cục thần kinh thuận lợi ở bệnh nhân ngừng tim ngoại viện (OHCA),"INCEPTION (ECPR vs CPR: 20% vs 16%, p=0.52); TAME (Tăng CO2 nhẹ vs Bình thường: 44% vs 45%, p=0.76); ARREST (Chuyển tuyến vs Cấp cứu gần nhất: tử vong 63% vs 63%); STEROHCA (Giảm IL-6, giảm tử vong 180 ngày 25% vs 36%)",informative,2024,Resuscitation,N/A,,Bệnh nhân người lớn ngừng tim ngoại viện (OHCA),"Bài xã luận tổng hợp kết quả từ 4 thử nghiệm RCT đa trung tâm quy mô lớn nhất năm 2023 về hồi sức ngừng tim (INCEPTION, TAME, ARREST, STEROHCA), đánh giá toàn diện các can thiệp chuyên sâu từ trước viện đến sau khi nhập viện.","Nghiên cứu INCEPTION cho thấy ECPR không làm tăng có ý nghĩa thống kê tỷ lệ sống có kết cục thần kinh tốt so với CPR thường quy (20% vs 16%). Thử nghiệm TAME chứng minh mục tiêu duy trì tăng CO2 máu nhẹ (PaCO2 50-55 mmHg) không vượt trội so với mức bình thường (35-45 mmHg) ở bệnh nhân hôn mê. Thử nghiệm ARREST chỉ ra việc chuyển thẳng bệnh nhân OHCA không có STEMI đến trung tâm ngừng tim chuyên sâu không mang lại lợi ích sinh tồn so với khoa cấp cứu gần nhất (tỷ lệ tử vong 30 ngày đều là 63%). Cuối cùng, thử nghiệm STEROHCA (pha II) cho thấy việc sử dụng Methylprednisolone 250mg sớm giúp giảm mạnh phản ứng viêm (giảm IL-6 tại 24h và 48h) và có xu hướng giảm tỷ lệ tử vong ở 180 ngày (25% vs 36%, HR 0.65), mặc dù không làm giảm các dấu ấn sinh học tổn thương não (NSE).",Không áp dụng,https://doi.org/10.1016/j.resuscitation.2024.110133,,false,false,2026-07-24 04:02:43.206+00,,,,,,,,,,,,,,,,,"[""I46"", ""I46.9""]"
study_accp_betalactam_tdm_2026,Hướng dẫn Đồng thuận về Cá thể hóa liều kháng sinh Beta-Lactam ở bệnh nhân nặng (ACCP/ESCMID/IDSA 2026),"Kháng sinh Beta-lactam (Cefepime, Piperacillin, Meropenem, Ceftriaxone...)",intl-guideline,icu,guideline,Cá thể hóa liều (MIPD / TDM) dựa trên đo nồng độ thuốc trị liệu để tối ưu hóa mục tiêu PK/PD (100% fT>MIC),"Kết cục lâm sàng (tỷ lệ khỏi bệnh, tỷ lệ tử vong, thời gian nằm viện) và tính an toàn (độc tính thần kinh, thận) ở bệnh nhân nặng","Cá thể hóa liều làm tăng gấp đôi cơ hội khỏi bệnh lâm sàng (OR 1.99, 95% CI 1.54-2.56). Khuyến cáo mục tiêu PK/PD tối thiểu là 100% fT>MIC. Tử vong giảm không có ý nghĩa thống kê (OR 0.76, 95% CI 0.54-1.06).",practice-changing,2026,"ACCP, ESCMID, IDSA, SCCM, SIDP",Guidelines,,"Bệnh nhân nặng nhập viện, đặc biệt tại ICU, sốc nhiễm khuẩn, rối loạn chức năng thận, dùng CRRT/ECMO, béo phì hoặc có thanh thải thận tăng cường (ARC)",Hướng dẫn đồng thuận quốc tế năm 2026 khuyến cáo sử dụng phần mềm định liều (MIPD) hoặc TDM để cá thể hóa liều Beta-lactam ở bệnh nhân nặng. Việc đạt mục tiêu nồng độ thuốc tự do duy trì trên MIC trong toàn bộ khoảng liều (100% fT>MIC) giúp cải thiện rõ rệt tỷ lệ khỏi bệnh lâm sàng.,"Hướng dẫn ủng hộ việc chuyển từ cách tiếp cận liều 'one size fits all' sang cá thể hóa liều (MIPD) bằng phần mềm động học quần thể cho bệnh nhân nặng (ICU, CRRT, ECMO, ARC). Để cải thiện tỷ lệ khỏi bệnh, mục tiêu PK/PD tối thiểu cần đạt là 100% fT>MIC (thường đòi hỏi phải dùng liều tải và truyền tĩnh mạch kéo dài). Đối với việc chọn MIC làm mục tiêu: do xét nghiệm MIC luôn có sai số ±1 độ pha loãng, hướng dẫn khuyến cáo KHÔNG dùng trực tiếp giá trị MIC trả về từ lab nếu nó nằm trong khoảng nhạy cảm, mà BẮT BUỘC dùng giá trị cao hơn giữa điểm cắt nhạy cảm (susceptibility breakpoint) hoặc ECV/ECOFF để thiết lập mục tiêu PK/PD. Về tính an toàn, theo dõi PK đặc biệt có lợi ở bệnh nhân suy thận hoặc người già để tránh tích lũy thuốc, nhằm ngăn ngừa độc tính thần kinh (đặc biệt phổ biến với Cefepime khi nồng độ đáy quá cao). Huyết thanh hoặc huyết tương là mẫu bệnh phẩm tiêu chuẩn được ưu tiên, và nồng độ thuốc tự do (unbound) là thông số chính xác nhất nếu xét nghiệm cho phép.",Không áp dụng,https://drive.google.com/file/d/1y9ZJKnBeTABUWL_i63gkItA-yeqpIdNj/view?fbclid=IwY2xjawTVvZZleHRuA2FlbQIxMABicmlkETF2U1NlQlFIYXFDT3RjYzNXc3J0YwZhcHBfaWQQMjIyMDM5MTc4ODIwMDg5MgABHo236lvz6FJlHRHOgL3SpsxlWJ6pwxQS-eJj3dNFXIX1J_RtWIPiwxeWf4lM_aem_8PmgXOh_MPgemqVLJM7mNQ,kho-guidelines/ca-the-hoa-beta-lactam-2026.html,false,false,2026-07-28 16:58:28.246+00,,"{""Tăng thanh thải thận (ARC) & Dùng thiết bị hỗ trợ (CRRT, ECMO)"":""Là đối tượng hưởng lợi lớn nhất từ TDM/MIPD do biến động PK rất lớn, nguy cơ cao bị thiếu liều nếu dùng phác đồ chuẩn."",""Người cao tuổi, Suy thận cấp/mạn"":""Nguy cơ tích lũy thuốc rất cao, cá thể hóa liều giúp hạn chế độc tính thần kinh (neurotoxicity), đặc biệt khi dùng Cefepime."",""Nhiễm khuẩn vị trí khó thấm (Ví dụ: Viêm màng não)"":""Khuyến cáo có thể cần đẩy mục tiêu PK/PD trong máu lên cao hơn (ví dụ: 100% fT>4xMIC) để đảm bảo đủ nồng độ thuốc xuyên qua hàng rào máu não.""}",,,,,,,,,,,,,,,"[""A41.9"", ""R57.2""]"
study_ai_cap_108_2026,Ứng dụng Trí tuệ nhân tạo (XGBoost) trong tiên lượng bệnh nhân Viêm phổi mắc phải tại cộng đồng,Không áp dụng,vn-association,icu,cohort,"Sử dụng mô hình học máy XGBoost (eXtreme Gradient Boosting) dựa trên các đặc điểm lâm sàng và cận lâm sàng lúc nhập viện để dự báo nguy cơ nhập ICU, so sánh với thang điểm CURB-65.",Nhu cầu nhập viện tại khoa Hồi sức tích cực (ICU) ở bệnh nhân viêm phổi mắc phải cộng đồng (CAP).,Mô hình XGBoost có AUC 0.876 vượt trội hơn CURB-65 (AUC 0.826); Độ nhạy 0.95 vs 0.71; Độ chính xác (Accuracy) 0.89 vs 0.73. Biến dự báo quan trọng nhất là Rối loạn ý thức và Urê máu.,informative,2026,Hội Hồi sức Cấp cứu và Chống độc Việt Nam (Bệnh viện TWQĐ 108),Cohort Study,350,"Bệnh nhân ≥ 18 tuổi được chẩn đoán viêm phổi cộng đồng nhập viện điều trị tại các khoa lâm sàng, có đầy đủ dữ liệu y tế trong 24 giờ đầu.",Nghiên cứu hồi cứu tại Bệnh viện TWQĐ 108 ứng dụng thuật toán học máy XGBoost cho thấy hiệu suất dự báo nguy cơ nhập ICU ở bệnh nhân viêm phổi cộng đồng vượt trội hơn hẳn so với thang điểm CURB-65 truyền thống.,"Phân tích trên 350 bệnh nhân CAP nhập viện (có 21.4% phải nhập ICU) đã giúp thiết lập mô hình học máy XGBoost. Mô hình chỉ ra 6 biến số độc lập có tầm quan trọng hàng đầu trong dự báo độ nặng, sắp xếp theo mức độ giảm dần gồm: Rối loạn ý thức, Tăng urê máu, Giảm tiểu cầu, Tăng tần số thở, Thâm nhiễm đa thùy phổi và Tăng số lượng bạch cầu Neutrophil. Về mặt hiệu suất, XGBoost thể hiện khả năng phân loại xuất sắc với AUC đạt 0.876 (so với 0.826 của CURB-65), độ nhạy 95% (so với 71%), và độ chính xác tổng thể (Accuracy) lên tới 89% (so với 73%). Biểu đồ phân tích đường cong quyết định (DCA) cũng tái khẳng định mô hình XGBoost đem lại lợi ích ròng chuẩn hóa cao hơn ở mọi ngưỡng nguy cơ. Kết quả cho thấy XGBoost là công cụ hỗ trợ ra quyết định lâm sàng rất hứa hẹn tại khoa Cấp cứu nhằm sàng lọc sớm và phân bổ nguồn lực chính xác cho nhóm bệnh nhân CAP nguy cơ cao.",Không áp dụng,https://docs.google.com/presentation/d/1Y-5Sur-O_bIgRy6whpb-Rnnkce99PCym/edit?slide=id.p10#slide=id.p10,,true,false,2026-07-26 13:57:44.692+00,,"{""Nhóm bệnh nhân phải nhập ICU (n=75)"":""Đặc trưng bởi tuổi trung bình cao hơn (81.2 vs 71.4), tỷ lệ rối loạn ý thức rất cao (62.7% vs 10.9%), thâm nhiễm đa thùy (74.7% vs 34.9%), Urê máu tăng cao (13.7 vs 7.2 mmol/L) và tiểu cầu giảm đáng kể (234 vs 292 G/L) so với nhóm không nhập ICU.""}",,,,,,,,,,,,,,,"[""J18.9""]"
study_alblaji_plant_based_diets_2026,"Chế độ ăn dựa trên thực vật đối với sức khỏe con người: Ảnh hưởng đến sức khỏe tim mạch - chuyển hóa, vi sinh vật đường ruột và tính đầy đủ về dinh dưỡng (2026)",Không áp dụng,intl-study,cardio,review,,,,informative,2026,Frontiers in Nutrition (Qassim University),Review,,"Quần thể người trưởng thành và các nhóm đối tượng đặc biệt áp dụng các mô hình chế độ ăn thực vật (Vegan, Vegetarian, Pescatarian, Flexitarian)","Bài tổng quan hệ thống trên tạp chí Frontiers in Nutrition đánh giá toàn diện tác động của chế độ ăn dựa trên thực vật. Kết quả khẳng định chế độ ăn thực vật lành mạnh (hPDI) giúp giảm đáng kể nguy cơ mắc bệnh tim mạch, đái tháo đường týp 2, cải thiện hệ vi sinh đường ruột và cắt giảm 49-63% khí nhà kính, nhưng cần lưu ý nguy cơ thiếu hụt vi chất (đặc biệt là B12) và tác hại của thực phẩm thuần chay siêu chế biến (uPDI).","Tổng quan bài báo chỉ ra chế độ ăn thực vật là một dải phổ liên tục từ ăn linh hoạt (Flexitarian) đến thuần chay (Vegan). Phân tích chỉ số PDI cho thấy sự khác biệt rõ rệt: Chế độ ăn thực vật lành mạnh (hPDI - nguyên hạt, rau củ, hạt, đậu) mang lại lợi ích tim mạch vượt trội, trong khi chế độ ăn thực vật không lành mạnh (uPDI - ngũ cốc tinh chế, đồ uống có đường, thực phẩm siêu chế biến) làm tăng 20-30% nguy cơ tử vong do mọi nguyên nhân và chứa lượng natri cao hơn 30-50%. Tác động lâm sàng bao gồm: giảm 25-30% nguy cơ bệnh tim cục bộ ở người ăn thuần chay và 20-25% ở người ăn chay; giảm 20-50% tỷ lệ đái tháo đường týp 2; giảm cholesterol LDL 10-25%. Tác động lên hệ vi sinh đường ruột thúc đẩy gia tăng các vi khuẩn sản xuất axit béo chuỗi ngắn (SCFA) đặc biệt là butyrate (Faecalibacterium prausnitzii, Bifidobacterium), làm giảm nồng độ độc tố TMAO. Về dinh dưỡng, người ăn thuần chay bắt buộc phải bổ sung Vitamin B12 (cyanocobalamin) do hoàn toàn thiếu hụt trong thực vật; đồng thời cần chú ý sinh khả dụng thấp của sắt non-heme (2-20% so với 15-35% của sắt heme), kẽm, canxi và omega-3 (EPA/DHA từ vi tảo). Về môi trường, việc chuyển đổi sang chế độ ăn thực vật giúp giảm 49-63% lượng phát thải khí nhà kính và giải phóng đáng kể diện tích đất nông nghiệp.",Không áp dụng,https://doi.org/10.3389/fnut.2026.1830797,,false,false,2026-07-29 01:48:37.288+00,Alblaji M,"{""Chế độ ăn thuần chay lành mạnh (hPDI)"":""Giảm 25-30% nguy cơ bệnh tim cục bộ, giảm 20-50% nguy cơ đái tháo đường týp 2 và giảm 10-25% cholesterol LDL."",""Chế độ ăn thực vật siêu chế biến (uPDI)"":""Chứa nhiều natri (400-900 mg/khẩu phần) và chất béo bão hòa từ dầu dừa/cọ, làm tăng 20-30% nguy cơ tử vong do mọi nguyên nhân."",""Nguy cơ thiếu hụt vi chất ở người ăn thuần chay"":""Thiếu hụt tuyệt đối Vitamin B12 (nguy cơ tổn thương thần kinh và thiếu máu hồng cầu to); sinh khả dụng sắt non-heme chỉ đạt 2-20%; giảm chuyển hóa ALA thành EPA/DHA (<1%).""}",,,,,,,,,,,,,,,"[""E11"", ""I10"", ""E78""]"
study_antibiotic_basics_4th_2026,"Cơ bản về Kháng sinh cho Lâm sàng: Cẩm nang Lựa chọn Kháng sinh (Antibiotic Basics for Clinicians: The ABCs of Choosing the Right Antibacterial Agent, 4th Edition)","Beta-lactam, Glycopeptide, Aminoglycoside, Macrolide, Fluoroquinolone, Tetracycline, Sulfonamide",intl-study,infect,review,"Hướng dẫn tiếp cận cơ chế tác dụng, phổ kháng khuẩn (Traffic Light) và phác đồ lựa chọn kháng sinh theo kinh nghiệm cho các hội chứng nhiễm khuẩn thường gặp.","Cung cấp nền tảng kiến thức cốt lõi về vi sinh học, dược lý kháng sinh và các phác đồ điều trị bệnh lý nhiễm khuẩn (Viêm phổi, UTI, Viêm màng não, PID, Viêm nội tâm mạc, v.v.).","Cập nhật các kháng sinh thế hệ mới (Ceftolozane-tazobactam, Ceftazidime-avibactam, Cefiderocol, Delafloxacin, Omadacycline, Plazomicin) và cung cấp nguyên tắc phối hợp kháng sinh chống đa kháng.",informative,2026,Wolters Kluwer (Alan R. Hauser),Textbook,,Bệnh nhân mắc các bệnh lý nhiễm khuẩn cộng đồng và bệnh viện cần được định hướng điều trị bằng kháng sinh.,Sách giáo khoa cập nhật lần thứ 4 (2026) cung cấp nền tảng vi sinh và dược lý lâm sàng cốt lõi. Sách sử dụng các mô hình dễ nhớ như 'Đèn giao thông' và '6 chữ P' để giúp bác sĩ dễ dàng lựa chọn kháng sinh kinh nghiệm và đặc hiệu.,"Tài liệu hệ thống hóa toàn bộ các nhóm kháng sinh theo cơ chế: (1) Nhắm vào vách tế bào (Beta-lactam, Vancomycin, Daptomycin), (2) Ức chế tổng hợp protein (Macrolide, Aminoglycoside, Tetracycline, Oxazolidinone), và (3) Đích DNA/nhân lên (Quinolone, Metronidazole, Sulfa). Phiên bản thứ 4 đặc biệt cập nhật các thuốc mới như Cefiderocol (có cơ chế xâm nhập qua thụ thể siderophore), Ceftazidime-avibactam/Meropenem-vaborbactam (trị vi khuẩn sinh KPC/ESBL), và Delafloxacin (Quinolone diệt MRSA). Sách cũng cung cấp hướng dẫn điều trị kinh nghiệm cho Viêm phổi (CAP/VAP), Viêm đường tiết niệu (UTI), Viêm màng não, Viêm nội tâm mạc, nhấn mạnh việc cá thể hóa dựa trên nguy cơ nhiễm vi khuẩn đa kháng (MRSA, Pseudomonas).",Không áp dụng,,Kho Guidelines/antibiotics-basics-2026.html,false,false,2026-07-28 01:23:03.112+00,,{},,,,,,,,,,,,,,,"[""A41"", ""J15""]"
study_antibiotics_basics_2026,"Antibiotics Basics for Clinicians (Xuất bản lần 4, 2026)","Cefiderocol, Ceftazidime-avibactam, Meropenem-vaborbactam, Dalbavancin, Plazomicin, Tedizolid",intl-guideline,infect,guideline,Cập nhật các kháng sinh mới ra mắt 5 năm qua & Tối ưu hóa phác đồ kinh nghiệm cho 11+ hội chứng nhiễm khuẩn lâm sàng,"Nâng cao hiệu quả diệt khuẩn, khắc phục cơ chế vi khuẩn đa kháng thuốc & bảo tồn hệ vi sinh vật",Cefiderocol diệt G(-) siêu kháng bằng cơ chế Siderophore; Dalbavancin t1/2 kéo dài dùng 1 liều/tuần; Fidaxomicin giảm tái phát C. difficile,practice-changing,2026,Wolters Kluwer / Prof. Alan R. Hauser,Review & Guideline,,"Bệnh nhân nhiễm khuẩn cộng đồng & bệnh viện (CAP, VAP, Meningitis, Endocarditis, UTI, Intra-abdominal, Cellulitis, AOM, PID, Catheter Sepsis, Lao)","Tóm tắt toàn diện tài liệu y khoa kinh điển 'Antibiotics Basics for Clinicians' (4th Edition, 2026). Tổng hợp 2 phần cốt lõi: Dược lý các kháng sinh mới phát triển (Siderophore Cephalosporin, Lipoglycopeptides kéo dài t1/2, β-lactamase inhibitors mới) và Ma trận phác đồ điều trị kinh nghiệm cho 11+ bệnh lý nhiễm trùng.",Cefiderocol áp dụng cơ chế Siderophore cửa sau thâm nhập vi khuẩn G(-) đa kháng. Dalbavancin và Oritavancin có t1/2 siêu dài cho phép điều trị SSTI với 1 liều/tuần. VAP có yếu tố nguy cơ MDR bắt buộc phối hợp 3 thuốc từ 3 nhóm. Viêm màng não cấp đòi hỏi kháng sinh diệt khuẩn thấm DNT tốt (Ceftriaxone + Vanco + Ampicillin). Viêm tai giữa cấp đầu tay dùng Amoxicillin liều cao để vượt MIC phế cầu.,Wolters Kluwer 4th Edition 2026,https://dudley.nu/antibiotics/,kho-guidelines/antibiotics-basics-2026.html,true,true,2026-07-30 02:15:56.415+00,,"{""Cefiderocol (Gram - đa kháng)"":""Cơ chế Siderophore Trojan Horse"",""Dalbavancin / Oritavancin"":""Liều duy nhất / tuần cho SSTI"",""VAP có nguy cơ MDR"":""Triple Therapy (3 thuốc / 3 nhóm)"",""Viêm màng não cấp"":""Ceftriaxone + Vanco (+ Ampicillin nếu >50t)""}",,,,,,,,,,,,,,,"[""A41"", ""J15"", ""G00""]"
study_bb_ccb_interaction_2026,Khuyến cáo Cảnh báo Phối hợp Chẹn Beta & Chẹn Canxi Non-Dihydropyridine,"Metoprolol, Verapamil",intl-guideline,cardio,guideline,Đánh giá nguy cơ biến cố ức chế nút nhĩ thất khi phối hợp Beta-blocker (Metoprolol) và Non-DHP CCB (Verapamil),"Tỷ lệ chậm nhịp tim nặng, block AV độ II/III và nhập viện do suy tim cấp","HR 2.45 (95% CI 1.80-3.34, p<0.001) — Nguy cơ block AV độ III tăng gấp 2.45 lần khi phối hợp Metoprolol + Verapamil",practice-changing,2026,ACC / AHA Guidelines,Clinical Alert,14200,"Bệnh nhân Tăng huyết áp, Đau thắt ngực và Rung nhĩ kiểm soát tần số","Cảnh báo chống chỉ định phối hợp Metoprolol với Verapamil do nguy cơ hiệp đồng ức chế nút xoang và nút nhĩ thất, gây chậm nhịp tim nặng và suy tim mất bù.","Cả Metoprolol và Verapamil đều có tác dụng inotropic âm và dromotropic âm mạnh. Tránh dùng phối hợp đường uống hoặc tiêm tĩnh mạch. Nếu cần chẹn beta, khuyến cáo chuyển sang nhóm Dihydropyridine CCB (Amlodipine).",ACC/AHA Class III Warning (Harm),https://www.acc.org/guidelines,,true,true,2026-07-30 02:15:56.415+00,,"{""Bệnh nhân EF < 40%"":""HR 3.12 (95% CI 2.10-4.63, p<0.001)"",""Tuổi >= 75"":""HR 2.85 (95% CI 1.95-4.16, p<0.001)""}",,,,,,,,,,,,,,,"[""I50"", ""I10"", ""I48""]"
study_byt_copd_2026,Hướng dẫn chẩn đoán và điều trị bệnh phổi tắc nghẽn mạn tính (COPD) Bộ Y tế 2026,"LAMA, LABA, ICS, Roflumilast, Azithromycin, Kháng sinh, Morphin",vn-moh,pulmo,guideline,"Phân loại tắc nghẽn GOLD 1-4, phân nhóm điều trị ABE, tiếp cận đợt cấp theo tiêu chuẩn Rome 2022, sử dụng kháng sinh theo nguy cơ Pseudomonas aeruginosa","Giảm triệu chứng khó thở, giảm tần suất đợt cấp, cá thể hóa điều trị bằng Eosinophil máu và cải thiện tỷ lệ tử vong",Khuyến cáo chính thức của Bộ Y tế Việt Nam ban hành kèm theo Quyết định số 2131/QĐ-BYT ngày 14/07/2026,practice-changing,2026,Bộ Y tế Việt Nam,Guidelines,,Người bệnh bệnh phổi tắc nghẽn mạn tính (BPTNMT) tại Việt Nam,"Hướng dẫn quốc gia toàn diện nhất và mới nhất của Bộ Y tế Việt Nam về chẩn đoán xác định, phân nhóm điều trị ABE dựa trên GOLD 2026, quản lý đợt cấp bằng tiêu chuẩn Rome 2022 và cá thể hóa điều trị thuốc giãn phế quản, kháng sinh và PHCN.","Chẩn đoán xác định khi FEV1/FVC < 70% sau test giãn phế quản. Phân nhóm điều trị ABE (A: 1 thuốc giãn phế quản, B: LABA+LAMA, E: LABA+LAMA; thêm ICS nếu Eos >= 300). Đợt cấp phân loại theo Rome 2022 (Nhẹ, Trung bình, Nặng). Chỉ định kháng sinh đợt cấp dựa trên triệu chứng Anthonisen và nguy cơ nhiễm P. aeruginosa. Sử dụng Morphin liều thấp kiểm soát khó thở giai đoạn cuối đời.",Quyết định số 2131/QĐ-BYT,https://kcb.vn/,Kho Guidelines/byt-copd-2026.html,true,true,2026-07-26 04:12:47.817+00,,"{""Nhóm A"":""1 thuốc giãn phế quản (SABA, LABA, LAMA, SAMA)"",""Nhóm B"":""Phối hợp LABA + LAMA duy trì"",""Nhóm E (Eos < 300)"":""LABA + LAMA. Eos < 100 cân nhắc Roflumilast/Azithromycin nếu còn đợt cấp"",""Nhóm E (Eos ≥ 300)"":""LABA + LAMA + ICS (Khuyến cáo mạnh)""}",,,,,,,,,,,,,,,"[""J44"", ""J44.1"", ""J44.0""]"
study_byt2020,Hướng dẫn chẩn đoán và điều trị đái tháo đường típ 2 - Bộ Y tế,"Metformin, SGLT2i, GLP-1 RA, DPP-4i, SU, Insulin",vn-moh,endo,guideline,"Cá thể hóa phác đồ kết hợp Metformin, SGLT2i, GLP-1 RA dựa trên nguy cơ tim mạch",Kiểm soát HbA1c và bảo vệ tim mạch/thận,"Phác đồ ưu tiên hàng đầu cho bệnh nhân kèm suy tim, bệnh thận mạn",practice-changing,2020,Bộ Y tế Việt Nam,Guidelines,,Bệnh nhân đái tháo đường típ 2 tại Việt Nam,"Phác đồ điều trị ĐTĐ típ 2 cập nhật của Bộ Y tế Việt Nam, cá thể hóa điều trị dựa trên bệnh lý tim mạch do xơ vữa, suy tim hoặc bệnh thận mạn kèm theo.","Ưu tiên lựa chọn SGLT2i hoặc GLP-1 RA độc lập với mức HbA1c ở bệnh nhân ĐTĐ típ 2 kèm bệnh tim mạch do xơ vữa, suy tim hoặc bệnh thận mạn để bảo vệ tim mạch và thận.",Quyết định số 4800/QĐ-BYT,https://kcb.vn/,,true,false,2026-07-11 16:52:13.297+00,,,,,,,,,,,,,,,,,"[""E11"", ""E11.9""]"
study_ca_the_hoa_beta_lactam_2026,Hướng dẫn Đồng thuận Cá thể hóa Liều Kháng sinh Beta-Lactam ở Bệnh nhân Nặng (2026),"Penicillins, Cephalosporins (Cefepime, Ceftriaxone, Cefazolin), Carbapenems (Meropenem, Ertapenem), Monobactams",intl-guideline,icu,guideline,Khuyến cáo TDM & Mô hình dược động học dự đoán MIPD để cá thể hóa liều Beta-lactam ở bệnh nhân ICU,Đạt mục tiêu PK/PD tối thiểu 100% fT > MIC (hoặc 100% fT > 4xMIC) & giảm tỷ lệ thất bại điều trị lâm sàng,"Khuyến cáo đồng thuận của ACCP, ESCMID, IDSA, SCCM, SIDP, IATDMCT: Cá thể hóa liều giúp tăng tỷ lệ chữa khỏi lâm sàng; kiểm soát độc thần kinh Cefepime (trough > 20-35 mg/L)",practice-changing,2026,ACCP / ESCMID / IDSA / SCCM / SIDP / IATDMCT,Consensus Guidance,,"Bệnh nhân cấp cứu & Hồi sức tích cực (ICU), Sốc nhiễm khuẩn, ECMO, CRRT, Tăng thanh thải thận (ARC), AKI/CKD","Hướng dẫn đồng thuận quốc tế năm 2026 từ 6 tổ chức y khoa lớn về cá thể hóa liều kháng sinh Beta-lactam. Tập trung vào 4 trụ cột: chuyển đổi sang TDM/MIPD chủ động, truyền kéo dài + liều nạp, thuật toán xác định mục tiêu PK/PD dựa trên MIC/Breakpoint, và quy trình xử lý sai lệch dự đoán > 20%.","Chế độ liều phác đồ cố định làm thất bại điều trị ở bệnh nhân ICU do biến thiên PK/PD lớn. Khuyên dùng tối thiểu 100% fT > MIC cho huyết tương và 100% fT > 4xMIC cho nhiễm khuẩn vùng mô khó thấm. Khi mô hình MIPD sai lệch > 20%, thực hiện quy trình 4 bước kiểm tra dữ liệu trước khi chuyển sang TDM truyền thống.",Consensus Guidance 2026,https://doi.org/10.1002/phar.70181,kho-guidelines/ca-the-hoa-beta-lactam-2026.html,true,true,2026-07-30 02:15:56.415+00,,"{""Bệnh nhân ICU & Sốc nhiễm khuẩn"":""Khuyến cáo áp dụng TDM & MIPD mạnh mẽ"",""Bệnh nhân ECMO / CRRT / ARC"":""Gia tăng đáng kể biến thiên thể tích Vd & thanh thải CL"",""Độc thần kinh Cefepime"":""Giám sát khi Nồng độ đáy Ctrough > 20-35 mg/L"",""Sai lệch MIPD > 20%"":""Quy trình 4 bước rà soát & Bayesian refitting""}",,,,,,,,,,,,,,,"[""A41.9"", ""R57.2""]"
study_cavernous_hemangioma_tongue_2024,U máu thể hang ở lưỡi ở người lớn (Cavernous Hemangioma of the Tongue in an Adult),"Phẫu thuật cắt bỏ, Sclerotherapy, Propranolol, Systemic steroids",intl-study,onco,other,"Phẫu thuật cắt bỏ khối u máu thể hang ở lưỡi so sánh với các lựa chọn điều trị bảo tồn (thuốc, tiêm xơ, laser)","Đặc điểm lâm sàng, phương pháp tiếp cận chẩn đoán và hiệu quả phục hồi sau phẫu thuật của u máu thể hang ở người cao tuổi","Khối u kích thước 2x1 cm được cắt bỏ thành công dưới gây tê cục bộ; bệnh nhân hồi phục hoàn toàn sau 1 tháng, không có biến chứng chảy máu hay tái phát",informative,2024,"Cureus (Dr. D. Y. Patil Medical College, Ấn Độ)",Case Report,1,Bệnh nhân nữ người lớn (76 tuổi) mắc khối u máu thể hang (cavernous hemangioma) ở vùng đầu lưỡi,"Báo cáo ca lâm sàng mô tả một trường hợp hiếm gặp về u máu thể hang ở lưỡi phát hiện ở một phụ nữ 76 tuổi. Tổn thương được xử trí thành công bằng phẫu thuật cắt bỏ, nhấn mạnh đây là một lựa chọn an toàn, triệt để đối với các khối u nhỏ ở vị trí dễ tiếp cận.","U máu (Hemangioma) thường phổ biến ở trẻ sơ sinh và trẻ nhỏ (chiếm 60-70% ở vùng đầu cổ) nhưng cực kỳ hiếm gặp ở người cao tuổi như trong ca bệnh 76 tuổi này. Khám lâm sàng ghi nhận khối u màu xanh tím 2x1 cm ở mặt lưng đầu lưỡi phải, mềm, ấn xẹp (blanched on pressure). Chẩn đoán phân biệt đặt ra gồm u bạch mạch và u hạt sinh mủ (pyogenic granuloma). Báo cáo đặc biệt lưu ý chống chỉ định chọc hút bằng kim nhỏ (FNA) hoặc sinh thiết trước mổ đối với các tổn thương mạch máu này do nguy cơ chảy máu ồ ạt khó kiểm soát. Đối với khối u lớn, siêu âm Doppler hoặc CT/MRI mạch máu là cần thiết để xác định mạch nuôi và thuyên tắc trước mổ. Ở bệnh nhân này, phẫu thuật cắt bỏ được ưu tiên thực hiện dưới gây tê cục bộ do tổn thương nhỏ, vị trí thuận lợi, đồng thời giúp tránh được các biến chứng huyết khối tắc mạch nếu dùng liệu pháp tiêm xơ (sclerotherapy) ở người già. Hình ảnh mô bệnh học xác nhận các khoang chứa đầy hồng cầu lót bởi tế bào nội mô - đặc trưng của u máu thể hang. Bệnh nhân lành thương hoàn toàn sau 1 tháng.",Không áp dụng,https://doi.org/10.7759/cureus.62800,,true,false,2026-07-26 12:35:43.992+00,,{},,,,,,,,,,,,,,,"[""D18.0""]"
study_chawla_lowcarb_vs_lowfat_2020,"Tác động của Chế độ ăn Ít Chất béo (Low-Fat) và Ít Carbohydrate (Low-Carb) lên sự Giảm cân và Mỡ máu: Tổng quan hệ thống và Phân tích gộp (The Effect of Low-Fat and Low-Carbohydrate Diets on Weight Loss and Lipid Levels: A Systematic Review and Meta-Analysis, 2020)",Chế độ ăn ít Carbohydrate (< 40% calo từ carbohydrate) so với Chế độ ăn ít Chất béo (< 30% calo từ chất béo),intl-study,endo,meta,,,,informative,2020,Nutrients (King's College London / Harvard T.H. Chan School of Public Health),Meta-Analysis,6499,Người trưởng thành thừa cân hoặc béo phì (thuộc 38 thử nghiệm lâm sàng ngẫu nhiên RCTs) không mắc các bệnh lý đi kèm nặng như đái tháo đường hay COPD,"Phân tích gộp từ 38 nghiên cứu RCTs trên 6.499 người trưởng thành cho thấy chế độ ăn Low-Carb mang lại hiệu quả giảm cân, tăng HDL-C và giảm Triglycerides vượt trội hơn Low-Fat ở mốc 6-12 tháng. Tuy nhiên, chế độ ăn Low-Carb lại làm tăng đáng kể nồng độ LDL-C và Cholesterol toàn phần.","Tổng quan hệ thống và phân tích gộp so sánh chế độ ăn Low-Carb (carbohydrate < 40%) và Low-Fat (chất béo < 30%). Kết quả ở thời điểm 6-12 tháng ghi nhận nhóm Low-Carb ưu thế hơn rõ rệt về mức giảm cân trung bình (MD -1.30 kg; 95% CI -2.02 đến -0.57), tăng nồng độ HDL-C (MD 0.05 mmol/L; 95% CI 0.03 đến 0.08) và giảm Triglycerides (MD -0.10 mmol/L; 95% CI -0.16 đến -0.04). Ngược lại, chế độ ăn Low-Fat có lợi hơn về mặt kiểm soát LDL-C (MD 0.07 mmol/L; 95% CI 0.02 đến 0.12) và Cholesterol toàn phần (MD 0.10 mmol/L; 95% CI 0.02 đến 0.18) do nhóm Low-Carb tiêu thụ nhiều chất béo bão hòa hơn. Ở thời điểm sau 12 tháng, sự chênh lệch về các chỉ số giữa hai chế độ ăn không còn ý nghĩa thống kê, chủ yếu do sự giảm tuân thủ phác đồ dinh dưỡng kéo dài của bệnh nhân. Bác sĩ cần cá thể hóa lựa chọn chế độ ăn dựa trên nguy cơ tim mạch và biodemographic lipid nền của bệnh nhân.",Không áp dụng,https://doi.org/10.3390/nu12123774,,false,false,2026-07-29 01:53:14.999+00,"Chawla S, Silva FT, Medeiros SA, Mekary RA, Radenkovic D","{""Mức giảm cân (Weight Loss) ở 6-12 tháng"":""MD -1.30 kg (95% CI -2.02 đến -0.57, p<0.01) nghiêng về Low-Carb"",""Chỉ số HDL-Cholesterol ở 6-12 tháng"":""MD 0.05 mmol/L (95% CI 0.03 đến 0.08, p<0.001) nghiêng về Low-Carb"",""Chỉ số Triglycerides ở 6-12 tháng"":""MD -0.10 mmol/L (95% CI -0.16 đến -0.04, p<0.01) nghiêng về Low-Carb"",""Chỉ số LDL-Cholesterol ở 6-12 tháng"":""MD 0.07 mmol/L (95% CI 0.02 đến 0.12, p<0.01) nghiêng về Low-Fat"",""Chỉ số Total Cholesterol ở 6-12 tháng"":""MD 0.10 mmol/L (95% CI 0.02 đến 0.18, p<0.01) nghiêng về Low-Fat""}",,,,,,,,,,,,,,,"[""E11"", ""E66""]"
study_crrt_ai_choray_2026,"CRRT 4.0: Trí tuệ nhân tạo, Dữ liệu lớn và Kết nối hệ thống trong tối ưu hóa điều trị AKI",Không áp dụng,vn-association,icu,review,"Ứng dụng các thuật toán Học máy (Machine Learning như Random Forest, XGBoost) và Trí tuệ nhân tạo (AI, LLM) trong quản lý, phân tầng nguy cơ và ra quyết định lâm sàng cho bệnh nhân lọc máu liên tục.","Hiệu năng dự đoán (thông qua AUROC, Accuracy, F1-score) của các mô hình học máy so với các thang điểm truyền thống (APACHE II, SOFA) trong tiên lượng tử vong và khả năng cai CRRT thành công.","Các mô hình Tree-based (RF, XGBoost) có AUROC vượt trội (lên đến 0.95) so với APACHE II/SOFA; Yếu tố dự báo tử vong mạnh nhất là pH; Yếu tố dự báo cai CRRT thành công mạnh nhất là lượng nước tiểu (Urine output); GPT-4 đạt độ chính xác 92% xử lý báo động máy.",informative,2026,Hội Hồi sức Cấp cứu và Chống độc Việt Nam (VNACCEMT) - Bệnh viện Chợ Rẫy,Conference Presentation,,Bệnh nhân người lớn mắc tổn thương thận cấp (AKI) có chỉ định điều trị lọc máu liên tục (CRRT) tại khoa hồi sức tích cực.,"Bài báo cáo tại Hội nghị VNACCEMT lần thứ 26 trình bày bức tranh toàn cảnh về sự dịch chuyển sang y học cá thể hóa trong CRRT nhờ Trí tuệ nhân tạo (AI). Phân tích tổng hợp từ nhiều nghiên cứu cho thấy các thuật toán học máy (đặc biệt là Random Forest và XGBoost) vượt trội hơn hẳn các thang điểm kinh điển trong việc tiên đoán tử vong, hạ huyết áp và dự báo khả năng cai CRRT thành công.","Ứng dụng AI/ML trong CRRT tập trung vào hai mảng chính: Lâm sàng (phân độ nguy cơ, thời điểm khởi trị, chỉnh liều, cai máy) và Quản lý chất lượng (tối ưu nguồn lực, phòng biến chứng). Về mặt lâm sàng, nghiên cứu của Kang (2020) và Wang (2024) chỉ ra mô hình Random Forest (RF) dự đoán tử vong chính xác hơn APACHE II và SOFA, với yếu tố có trọng số cao nhất là pH máu. Đối với việc dự đoán cai CRRT thành công (định nghĩa là không cần lọc lại sau 72h - 7 ngày), RF và XGBoost đạt AUROC lên tới 0.95, trong đó lượng nước tiểu (Urine output) và Cystatin C là những chỉ số quyết định. Hơn nữa, AI ngôn ngữ lớn (GPT-4) chứng minh độ chính xác 92% khi hỗ trợ giải quyết 50 tình huống báo động máy thực tế. Tuy nhiên, rào cản lớn nhất hiện nay là vấn đề tích hợp dữ liệu (EMR/EHR kết nối trực tiếp với máy CRRT qua Middleware/TrueVue) và nguyên lý cốt lõi 'Garbage In, Garbage Out' (chất lượng dữ liệu quyết định chất lượng mô hình), đòi hỏi phải kiểm soát chặt chẽ tính thiên lệch (bias) của thuật toán.",Không áp dụng,https://docs.google.com/presentation/d/1ev6twPX5ga9b_7CgE9S-ngNyB2Lh8iJv/edit?slide=id.p2#slide=id.p2,,true,false,2026-07-26 13:43:13.063+00,,"{""Tiên lượng tử vong (Nghiên cứu Kang & Wang)"":""Thuật toán Tree-based (RF, XGBoost) ưu việt hơn thang điểm truyền thống. Biến số có độ quan trọng cao nhất (Gain/Gini) là pH, Số lượng bạch cầu (WBC) và Creatinine."",""Tiên lượng cai CRRT thành công (Sheng & Liang)"":""RF và XGBoost đạt AUROC ~0.95; các yếu tố lâm sàng quyết định hàng đầu gồm Lượng nước tiểu (Urine output), Non-renal SOFA và Cystatin C máu."",""Xử lý báo động máy CRRT (Sheikh 2024)"":""So với đáp án chuẩn từ bác sĩ hồi sức, ChatGPT-3.5 đạt độ chính xác 84-86%, trong khi GPT-4 đạt 90-92%.""}",,,,,,,,,,,,,,,"[""N17"", ""R57.2""]"
study_empareg,EMPA-REG OUTCOME,Empagliflozin,intl-study,cardio,rct,Empagliflozin 10/25mg QD vs Placebo,"3-point MACE (Tử vong tim mạch, nhồi máu cơ tim không tử vong, đột quỵ không tử vong)",HR 0.86 (95% CI 0.74-0.99); p=0.04,practice-changing,2015,NEJM / Boehringer Ingelheim,Phase III,7020,Bệnh nhân đái tháo đường typ 2 có nguy cơ tim mạch cao,"Empagliflozin làm giảm ý nghĩa 14% tiêu chí gộp chính MACE (tử vong do tim mạch, nhồi máu cơ tim không vong, đột quỵ không vong) và giảm 38% tử vong do tim mạch.","Thử nghiệm lâm sàng ngẫu nhiên, mù đôi, đối chứng giả dược. Kết quả cho thấy tỷ lệ nhập viện do suy tim giảm 35%, tử vong do mọi nguyên nhân giảm 32%. Đây là thuốc điều trị đái tháo đường đầu tiên chứng minh được lợi ích bảo vệ tim mạch vượt trội.",FDA Approved 2016 (chỉ định giảm tử vong tim mạch),https://www.nejm.org/doi/full/10.1056/nejmoa1504720,,true,false,2026-07-11 16:52:13.297+00,,,,,,,,,,,,,,,,,"[""E11"", ""I50"", ""I10""]"
study_gemlr_scoping_review_2022,Tổng quan tài liệu về Y học Cấp cứu Toàn cầu năm 2022 (Global Emergency Medicine: A Scoping Review of the Literature from 2022),Không áp dụng,intl-study,icu,review,Sàng lọc và đánh giá hệ thống các nghiên cứu chất lượng cao nhất về y học cấp cứu toàn cầu (GEM) xuất bản trong năm 2022,"Tổng hợp và phân tích các bài báo xuất sắc nhất về ứng phó thảm họa/nhân đạo (DHR), chăm sóc cấp cứu tại cơ sở hạn chế nguồn lực (ECRLS) và phát triển y khoa cấp cứu (EMD)","Sàng lọc từ 58.510 bài báo, chọn ra 37 công trình xuất sắc nhất (top 5%); 73% số bài báo thuộc nhóm ECRLS và 64% là các nghiên cứu gốc (original research)",informative,2024,Academic Emergency Medicine,Scoping Review,37,"Hệ thống chăm sóc cấp cứu và bệnh nhân cấp cứu toàn cầu, đặc biệt tại các quốc gia thu nhập thấp và trung bình (LMICs)","Bài tổng quan phạm vi do nhóm GEMLR thực hiện đã sàng lọc hàng chục nghìn bài báo xuất bản năm 2022, xác định 37 nghiên cứu hàng đầu. Trọng tâm nghiên cứu dịch chuyển về cải thiện chăm sóc tiền viện, sức khỏe tâm thần nhân viên y tế và ứng dụng công nghệ từ xa sau đại dịch.","Từ 58.510 bài báo và 7.755 tài liệu xám, nhóm nghiên cứu đã chọn lọc khắt khe 37 nghiên cứu GEM có điểm số cao nhất. Phần lớn các nghiên cứu (73%) tập trung vào mảng chăm sóc cấp cứu trong môi trường hạn chế nguồn lực (ECRLS), nhấn mạnh các giải pháp thực tiễn như: chuyển giao siêu âm tại giường (POCUS) cho y tế tuyến cơ sở, triển khai khóa học kiểm soát chảy máu (Stop the Bleed), và tối ưu hóa hệ thống Triage (Smart Triage, South African Triage Scale). Nghiên cứu cũng báo động về tình trạng kiệt sức, lo âu ở nhân viên y tế sau đại dịch COVID-19, đồng thời thúc đẩy bình đẳng trong nghiên cứu bằng cách đánh giá cao các bài báo có sự tham gia của các tác giả bản địa tại quốc gia LMIC.",Không áp dụng,https://doi.org/10.1111/acem.14816,,true,false,2026-07-24 04:15:40.802+00,,,,,,,,,,,,,,,,,"[""R57.9""]"
study_gemlr_scoping_review_2024,Tổng quan tài liệu về Y học Cấp cứu Toàn cầu năm 2024 (Global Emergency Medicine: A Scoping Review of the Literature From 2024),Không áp dụng,intl-study,icu,review,Sàng lọc và đánh giá hệ thống các nghiên cứu xuất sắc nhất về y học cấp cứu toàn cầu (GEM) xuất bản năm 2024.,"Tổng hợp và phân tích 33 bài báo hàng đầu về ứng phó thảm họa (DHR), chăm sóc cấp cứu tại cơ sở hạn chế nguồn lực (ECLRS) và phát triển y khoa cấp cứu (EMD).","Chọn ra 33 bài xuất sắc từ 59.289 bài báo; tập trung vào chấn thương, nhi khoa và phân loại bệnh; nổi lên chủ đề mới về sức khỏe tâm thần của nhân viên y tế và nạn nhân thảm họa.",informative,2025,Academic Emergency Medicine,Scoping Review,33,"Hệ thống chăm sóc cấp cứu và bệnh nhân cấp cứu toàn cầu, ưu tiên đánh giá tại các nước thu nhập thấp và trung bình (LMICs).","Bài tổng quan phạm vi đánh giá gần 60.000 bài báo xuất bản năm 2024, qua đó xác định 33 nghiên cứu hàng đầu về y học cấp cứu. Ghi nhận xu hướng quan tâm mạnh mẽ đến sức khỏe tâm thần trong thảm họa và tỷ lệ cao các bài báo tập trung vào chăm sóc y tế tại khu vực hạn chế nguồn lực.","Từ 59.289 bài báo ban đầu, nhóm GEMLR đã chọn ra 33 bài báo (top 5%) xuất sắc nhất đại diện cho lĩnh vực Y học cấp cứu toàn cầu năm 2024. Phân bổ chủ yếu rơi vào nhóm chăm sóc cấp cứu tại môi trường hạn chế nguồn lực - ECLRS (chiếm 73%). Các chủ đề phổ biến vẫn là cấp cứu chấn thương, cấp cứu nhi khoa và tối ưu hóa hệ thống Triage. Điểm mới của năm 2024 là sự nổi lên của các nghiên cứu về bảo vệ sức khỏe tâm thần (Sơ cứu tâm lý - PFA) cho cả nạn nhân thảm họa lẫn nhân viên cứu trợ (như sau động đất ở Syria, xung đột ở Tigray). Báo cáo cũng nhấn mạnh yêu cầu khắt khe về công bằng trong xuất bản khoa học toàn cầu, buộc các bài báo lấy bối cảnh tại LMIC phải có sự tham gia đóng góp của tác giả bản địa.",Không áp dụng,https://doi.org/10.1111/acem.70208,,true,false,2026-07-24 04:34:49.807+00,,{},,,,,,,,,,,,,,,"[""R57.9""]"
study_kdigo_sglt2i_mra_2026,KDIGO 2026: Phối hợp Kép SGLT2i & Finerenone bảo vệ Thận - Tim mạch,"Empagliflozin, Finerenone",intl-guideline,renal,guideline,Đánh giá hiệu quả hiệp đồng bảo vệ thận và tim mạch của Empagliflozin + Finerenone ở bệnh nhân Bệnh thận mạn (CKD),"Tiến triển suy thận giai đoạn cuối (ESRD), giảm eGFR >= 50% hoặc tử vong tim mạch","HR 0.64 (95% CI 0.52-0.79, p<0.001) — Phối hợp SGLT2i + Finerenone giảm 36% biến cố thận-tim mạch",practice-changing,2026,KDIGO 2026 Guideline,Class I Recommendation,22000,Bệnh nhân Bệnh thận mạn eGFR >= 20 mL/min/1.73m2 và uACR >= 30 mg/g,"KDIGO 2026 khuyến cáo phối hợp SGLT2i (Empagliflozin) và Non-steroidal MRA (Finerenone). SGLT2i làm tăng thải Natri/nước ở ống lượn xa, giúp giảm nguy cơ tăng Kali máu do Finerenone.","Phối hợp Empagliflozin + Finerenone mang lại lợi ích cộng hưởng bảo vệ cấu trúc màng lọc cầu thận, giảm đạm niệu uACR và an toàn về mặt Kali máu hơn so với MRA thế hệ cũ.","KDIGO Class I, Level A",https://kdigo.org/guidelines,,true,true,2026-07-30 02:15:56.415+00,,"{""Bệnh nhân Châu Á"":""HR 0.60 (95% CI 0.46-0.78, p<0.001)"",""eGFR 20-30 mL/min"":""HR 0.65 (95% CI 0.48-0.88, p=0.005)""}",,,,,,,,,,,,,,,"[""N18"", ""N18.9"", ""I12""]"
study_ks_bn_nang,Kháng sinh ở bệnh nhân nặng (Cập nhật 2026),"Beta-lactam, Vancomycin, Aminoglycosides, Linezolid",intl-guideline,icu,review,"Tối ưu hóa liều nạp, truyền kéo dài Beta-lactam & hiệu chỉnh liều theo PK/PD (AKI, CRRT, ECMO)",Hiệu quả diệt khuẩn tối đa & giảm thiểu độc tính ở bệnh nhân ICU,"RR 0.78 (95% CI 0.65-0.92, p=0.003) — Truyền kéo dài Beta-lactam giảm tử vong 90 ngày; Pip/Tazo an toàn về thận",practice-changing,2026,Critical Care Clinics,Review,,"Bệnh nhân nhiễm khuẩn nặng, nhiễm khuẩn huyết và sốc nhiễm khuẩn","Cập nhật khuyến cáo toàn diện về sử dụng kháng sinh ở bệnh nhân hồi sức tích cực (ICU), giải quyết đồng thời 3 vấn đề: điều trị đủ sớm, bao phủ đúng tác nhân và tối ưu hóa liều lượng theo biến đổi dược động học PK/PD.","Sốc nhiễm khuẩn cần dùng kháng sinh ngay lập tức (trong vòng 1 giờ, lấy cấy máu trong 45 phút). Trì hoãn giảm liều Beta-lactam trong 24 giờ đầu khi có AKI để tránh thiếu liều. Dùng liều nạp đầy đủ cho kháng sinh ưa nước bất kể chức năng thận. TDM khuyên dùng cho Vancomycin (AUC/MIC 400-600) và Aminoglycosides.",Cập nhật y văn ICU 2026,https://drive.google.com/file/d/1V0ey2paO8Enbt8U4OtH1xK0Vn_MIS6Tn/view,Kho Guidelines/ks-cho-bn-nang.html,true,true,2026-07-26 04:12:47.817+00,,"{""Sốc nhiễm khuẩn (Truyền kéo dài)"":""RR 0.72 (95% CI 0.60-0.86, p<0.001)"",""Nhiễm khuẩn không sốc"":""OR 0.88 (95% CI 0.72-1.07, p=0.19)"",""TDM Vancomycin (AUC 400-600)"":""OR 0.61 (95% CI 0.48-0.78, p<0.001)"",""Dị ứng Penicillin"":""OR 0.95 (95% CI 0.81-1.12, p=0.55)""}",,,,,,,,,,,,,,,"[""A41.9"", ""R57.2""]"
study_master_medic_program_2025,Xử lý tình huống đe dọa tính mạng trong kiểm soát thảm họa: Chương trình Master Medic (Handling of life-threatening situations in the context of hazard control and emergency response: Master Medic/Master Physician an academic course),Không áp dụng,intl-study,icu,other,Thiết kế và triển khai chương trình Thạc sĩ (Master of Science) chuyên ngành Y học Cấp cứu Chiến thuật và Quản lý Thảm họa (Master Medic/Master Physician) tại Đức,"Đánh giá nhu cầu và thiết lập một khung chương trình học thuật chuẩn hóa tích hợp năng lực y khoa, năng lực chỉ huy chiến thuật và phục hồi chiến lược","81% người tham gia khảo sát ủng hộ chuẩn hóa chương trình học; các kỹ năng được ưu tiên hàng đầu là quản lý thương vong hàng loạt (97%), chăm sóc thương vong chiến thuật (79%) và lãnh đạo dưới áp lực (59%)",informative,2025,Frontiers in Psychiatry,Educational Program Development,80,"Nhân viên y tế, cảnh sát, quân y và nhân sự cấp cứu chuyên trách xử lý các sự cố đe dọa tính mạng/khủng hoảng","Bài báo mô tả việc phát triển chương trình Thạc sĩ 'Master Medic/Master Physician' nhằm trang bị cho lực lượng ứng phó khẩn cấp các kỹ năng tích hợp về y học chiến thuật, lãnh đạo chỉ huy và khả năng phục hồi chiến lược trong thảm họa.","Trước sự gia tăng của các mối đe dọa phức tạp (hybrid threats), chỉ chuyên môn y khoa đơn thuần là không đủ để quản lý khủng hoảng. Một khảo sát trên 80 nhân sự chuyên trách cho thấy 81% ủng hộ xây dựng chuẩn đào tạo chung. Chương trình học tại Đại học Khoa học Ứng dụng Fresenius (Đức) được cấu trúc thành 4 học kỳ, dựa trên mô hình Tối ưu hóa Hiệu suất Con người và Phục hồi Chiến lược (HPSR). Ngoài kỹ năng y học chiến thuật (TCCC, DCR) và chăm sóc kéo dài (Prolonged Field Care), sinh viên được rèn luyện kỹ năng lãnh đạo trong hoàn cảnh căng thẳng (Leadership under stress) thông qua các kịch bản mô phỏng thực tế khắc nghiệt liên tục trong 72 giờ. Phương pháp này giúp củng cố sự tự tin, ra quyết định chính xác trong môi trường thiếu thốn và duy trì khả năng phục hồi của lực lượng cấp cứu.",Không áp dụng,https://doi.org/10.3389/fpsyt.2025.1718648,,false,false,2026-07-24 04:15:40.802+00,,,,,,,,,,,,,,,,,"[""T14.9"", ""R57""]"
study_mental_health_qol_cancer_2026,Phân tích mạng lưới về sức khỏe tâm thần và chất lượng cuộc sống ở bệnh nhân nam ung thư (Network Analysis of Mental Health and Quality of Life Among Male Cancer Patients),Không áp dụng,vn-association,onco,other,"Sử dụng các thang đo GAD-7, PHQ-9, DT, QLQ-C30 kết hợp phân tích đồ họa Gaussian (Glasso) để đánh giá mạng lưới tương quan.","Chỉ số trung tâm của mạng lưới và các mối liên kết tương quan giữa sức khỏe tâm thần (trầm cảm, lo âu) và các khía cạnh chất lượng cuộc sống.","Trầm cảm là nút trung tâm nhất của mạng lưới, kế tiếp là triệu chứng mệt; trầm cảm có tương quan dương mạnh với mất ngủ, ăn kém và đau.",informative,2026,Tạp chí Y học Việt Nam (ĐHYD TPHCM),Cross-sectional,155,Bệnh nhân nam giới mắc ung thư tại Bệnh viện Đại học Y Dược và Bệnh viện Ung Bướu TP.HCM.,"Nghiên cứu cắt ngang đa trung tâm áp dụng phân tích mạng lưới chỉ ra rằng trầm cảm đóng vai trò là nút trung tâm, chi phối mạnh mẽ nhất đến chất lượng cuộc sống của bệnh nhân nam ung thư, tiếp sau đó là triệu chứng mệt mỏi.","Nghiên cứu thực hiện trên 155 bệnh nhân nam ung thư cho thấy các vấn đề tâm thần và thể chất đan xen phức tạp. Phân tích mạng lưới Gaussian xác định trầm cảm là nút trung tâm có kết nối mạnh mẽ nhất, trực tiếp khuếch đại các triệu chứng thể chất như mất ngủ, chán ăn và đau. Ngược lại, cụm triệu chứng thực thể (mệt mỏi, khó thở, đau) có tương quan thuận với nhau. Cả triệu chứng mệt mỏi và trầm cảm đều có tương quan nghịch rõ rệt với tình trạng sức khỏe toàn cầu. Do đó, trong thực hành ung thư học lâm sàng, bên cạnh việc điều trị đặc hiệu khối u, cần tích cực tầm soát và can thiệp tâm lý - tâm thần sớm nhằm cải thiện toàn diện chất lượng cuộc sống cho bệnh nhân.",Không áp dụng,,,true,false,2026-07-24 04:11:41.263+00,,,,,,,,,,,,,,,,,"[""C80"", ""F41.9""]"
study_mews_a9_bachmai_2026,"Giá trị thang điểm MEWS trong phân tầng nguy cơ và tiên lượng tử vong tại khoa cấp cứu (The value of MEWS in A9 Emergency Center, Bach Mai Hospital)",Không áp dụng,vn-association,icu,cohort,"Sử dụng thang điểm cảnh báo sớm sửa đổi (MEWS) tại thời điểm nhập viện để phân tầng nguy cơ, đánh giá khả năng tiên lượng tử vong và so sánh với thang điểm APACHE II.","Kết cục lâm sàng bất lợi bao gồm: tỷ lệ nhập đơn vị hồi sức tích cực (ICU), suy chức năng cơ quan cấp tính và tử vong nội viện.","Nhóm MEWS ≥ 5 có tỷ lệ tử vong 43.6% và 41.0% nhập ICU; AUC tiên lượng tử vong của MEWS là 0.835 (cao hơn APACHE II 0.745); điểm cắt tối ưu là MEWS = 4 (Độ nhạy 67.8%, Độ đặc hiệu 88.8%).",informative,2026,Tạp chí Y học Việt Nam (Bệnh viện Bạch Mai),Cohort Study,963,"Bệnh nhân từ 16 tuổi trở lên, được xác nhận có tình trạng cấp cứu và tiếp nhận điều trị ban đầu tại Trung tâm Cấp cứu A9 - Bệnh viện Bạch Mai.",Nghiên cứu thuần tập tiến cứu trên 963 bệnh nhân tại Trung tâm Cấp cứu A9 khẳng định MEWS là công cụ phân tầng nguy cơ và tiên lượng tử vong rất hiệu quả. MEWS có khả năng dự báo tử vong vượt trội hơn APACHE II ở giai đoạn sàng lọc ban đầu nhờ tính đơn giản và nhanh chóng.,Thang điểm MEWS phân loại bệnh nhân cấp cứu thành ba nhóm rõ rệt giúp tối ưu hóa nguồn lực: Nhóm an toàn (MEWS ≤ 2) chiếm 75.9% với tỷ lệ tử vong rất thấp (2.05%); Nhóm cảnh báo vàng (MEWS 3-4) có tỷ lệ tử vong 6.5% đòi hỏi tăng cường theo dõi; Nhóm báo động đỏ (MEWS ≥ 5) đối diện nguy cơ tử vong 43.6% và cần can thiệp khẩn cấp. Phân tích đường cong ROC cho thấy MEWS (AUC 0.835) nhạy hơn APACHE II (AUC 0.745) ngay tại cửa khoa cấp cứu. Nghiên cứu khuyến cáo sử dụng kết hợp MEWS cho sàng lọc tuyến đầu và APACHE II cho các đánh giá chuyên sâu trong ICU.,Không áp dụng,,,true,false,2026-07-24 04:11:41.262+00,,,,,,,,,,,,,,,,,"[""R57.9"", ""N17""]"
study_ohca_vietnam_2021,"Tỉ lệ sống còn sau ngừng tim ngoại viện tại Việt Nam (Survival after out-of-hospital cardiac arrest, Viet Nam)",Không áp dụng,intl-study,icu,cohort,"Đánh giá các yếu tố ảnh hưởng đến kết cục sống còn ở bệnh nhân ngừng tim ngoại viện (CPR bởi người chứng kiến, khử rung tim trước viện, hạ thân nhiệt chỉ huy)",Tỉ lệ sống sót cho đến khi nhập viện (Survival to hospital admission) và xuất viện (Survival to discharge),"24.2% sống đến nhập viện, 14.1% sống đến xuất viện; Khử rung trước viện làm tăng cơ hội sống đến nhập viện (OR 3.90), hạ thân nhiệt chỉ huy làm tăng tỉ lệ xuất viện (OR 5.44)",informative,2021,Bull World Health Organ,Cohort Study,590,Bệnh nhân người lớn (>18 tuổi) ngừng tim ngoại viện (OHCA) không do chấn thương tại Việt Nam,Nghiên cứu thuần tập tiến cứu đa trung tâm đánh giá 590 ca ngừng tim ngoại viện tại Việt Nam cho thấy tỉ lệ sống sót khá thấp. Việc thực hiện khử rung tim trước viện và áp dụng liệu pháp hạ thân nhiệt sau cấp cứu là các yếu tố độc lập giúp cải thiện đáng kể kết cục sống còn.,"Nghiên cứu được thực hiện trên 590 bệnh nhân OHCA tại 3 bệnh viện lớn (Bạch Mai, Chợ Rẫy, Trung ương Huế) cho thấy hệ thống cấp cứu trước viện tại Việt Nam còn nhiều hạn chế. Chỉ có 22.3% bệnh nhân được người chứng kiến thực hiện CPR, 5.9% được dùng máy khử rung (AED) và 8.6% được vận chuyển bởi hệ thống xe cấp cứu y tế. Phân tích hồi quy logistic đa biến cho thấy khử rung tim trước viện (OR 3.90, 95% CI 1.54-9.90) và sự trở lại tuần hoàn tự nhiên (ROSC) tại khoa cấp cứu (OR 2.89) liên quan mật thiết đến khả năng sống sót nhập viện. Ở giai đoạn chăm sóc sau cấp cứu, liệu pháp hạ thân nhiệt chỉ huy (TTM) giúp cải thiện mạnh mẽ tỉ lệ sống sót đến khi xuất viện (OR 5.44, 95% CI 2.33-12.74). Nghiên cứu nhấn mạnh tính cấp thiết của việc phát triển hệ thống cấp cứu trước viện, phổ cập kỹ năng CPR và tăng cường trang bị AED tại nơi công cộng.",Không áp dụng,http://dx.doi.org/10.2471/BLT.20.269837,,true,false,2026-07-24 04:06:10.725+00,,,,,,,,,,,,,,,,,"[""I46.9""]"
study_oral_hemangiomas_2026,U máu vùng miệng (Oral Hemangiomas - StatPearls),"Propranolol, Prednisone, Các chất gây xơ (Sodium tetradecyl sulfate 3%, Ethanolamine oleate)",intl-study,onco,review,Quản lý bảo tồn theo dõi sự thoái triển tự nhiên hoặc can thiệp nội khoa/ngoại khoa/tiêm xơ đối với các u máu có triệu chứng,"Đặc điểm lâm sàng, phân loại, chẩn đoán và hướng dẫn lựa chọn điều trị cho u máu vùng miệng",Khoảng 85-90% u máu tự thoái triển không cần can thiệp; Propranolol (2-3 mg/kg/ngày) là lựa chọn nội khoa đầu tay mang lại cải thiện sau 1-2 ngày,informative,2026,StatPearls Publishing,Review,,"Bệnh nhân mắc khối u máu ở khoang miệng, đặc biệt là trẻ sơ sinh và trẻ nhỏ","Bài tổng quan từ StatPearls cung cấp kiến thức toàn diện về u máu vùng miệng, khẳng định đây là bệnh lý lành tính, hầu hết sẽ tự thoái triển theo thời gian. Các can thiệp y tế (đặc biệt là Propranolol) chỉ đặt ra khi u tồn tại dai dẳng hoặc đe dọa các chức năng sống cơ bản.","U máu vùng miệng là những khối u lành tính phát triển do sự tăng sinh tế bào nội mô, thường gặp ở môi, lưỡi, niêm mạc má và vòm miệng với tỷ lệ nữ:nam là 3:1. Hầu hết các khối u sẽ trải qua các giai đoạn: tăng sinh nhanh, ổn định và tự thoái triển (85-90% trường hợp tự khỏi trong 4 năm). Chẩn đoán chủ yếu dựa vào lâm sàng với đặc điểm khối mềm, ấn kính mất màu (diascopy positive). Do khả năng tự phục hồi, điều trị không được khuyến cáo thường quy. Tuy nhiên, ở khoảng 10-20% bệnh nhân có tổn thương tồn tại dai dẳng hoặc gây loét (biến chứng hay gặp nhất), chảy máu, ảnh hưởng hô hấp, nuốt hoặc nói, can thiệp điều trị là bắt buộc. Propranolol uống (2-3 mg/kg/ngày chia 3 lần) là tiêu chuẩn vàng điều trị nội khoa đầu tay. Nếu điều trị nội khoa thất bại hoặc tổn thương khu trú nhỏ, có thể chỉ định phẫu thuật cắt bỏ hoặc liệu pháp tiêm xơ mạch máu.",Không áp dụng,https://www.ncbi.nlm.nih.gov/books/NBK560768/,,false,false,2026-07-26 12:27:58.572+00,,"{""Điều trị nội khoa"":""Propranolol là thuốc đầu tay, cần theo dõi biến chứng nhịp chậm, hạ huyết áp, hạ đường huyết. Prednisone toàn thân là lựa chọn thứ hai nhưng có nhiều tác dụng phụ, nên ngừng thuốc nếu không cải thiện sau 2 tuần."",""Chỉ định ngoại khoa/Tiêm xơ"":""Phẫu thuật phù hợp với tổn thương nhỏ ở môi, má (tránh cắt bỏ diện rộng ở lưỡi gây ảnh hưởng chức năng). Tiêm xơ đang là phương pháp thay thế hiệu quả nhưng có nguy cơ huyết khối.""}",,,,,,,,,,,,,,,"[""D18.0""]"
study_panditray_adult_hemangioma_2018,Điều trị U máu vùng đầu cổ ở người lớn: Propranolol uống so với Itraconazole uống kết hợp tiêm Sodium Tetradecyl Sulphate (Management of Head and Neck Hemangiomas in Adults: Oral Propranolol Versus Oral Itraconazole in Conjugation with Injection Sodium Tetra Decyl Sulphate),"Propranolol, Itraconazole, Sodium tetradecyl sulphate (STS)",intl-study,onco,rct,Propranolol uống (40mg/ngày) hoặc Itraconazole uống (200mg/ngày) kết hợp với tiêm xơ tại chỗ Sodium tetradecyl sulphate trong 8 tuần,Giảm thể tích u máu và tỷ lệ thoái triển hoàn toàn sau 8 tuần điều trị,Cả hai nhóm đều giảm thể tích đáng kể (Propranolol giảm 91.92% p=0.018; Itraconazole giảm 88.97% p=0.025); không có sự khác biệt thống kê giữa 2 phác đồ (p=0.766) nhưng Propranolol có 3 ca thoái triển hoàn toàn so với 1 ca của Itraconazole,informative,2018,Indian Journal of Otolaryngology and Head & Neck Surgery,Clinical Trial,30,"Bệnh nhân người lớn mắc u máu vùng đầu cổ (chủ yếu ở vòm miệng, lưỡi) không có tổn thương lớn > 10cm",Thử nghiệm lâm sàng song song ngẫu nhiên chứng minh việc kết hợp thuốc uống (Propranolol hoặc Itraconazole) với tiêm xơ STS làm giảm đáng kể thể tích khối u máu ở người lớn một cách an toàn.,"Nghiên cứu được thực hiện trên 30 bệnh nhân người lớn bị u máu đầu cổ để đánh giá hiệu quả phối hợp giữa tiêm xơ (Sodium tetradecyl sulphate 30mg/2ml mỗi 30 ngày) và thuốc uống (Propranolol 40mg/ngày hoặc Itraconazole 200mg/ngày). Kết quả sau 8 tuần cho thấy cả hai nhóm đều ghi nhận sự sụt giảm thể tích khối u rất ấn tượng (lần lượt 91.92% và 88.97%) so với ban đầu. Mặc dù không có sự khác biệt có ý nghĩa thống kê về hiệu quả giảm thể tích giữa hai nhóm (p=0.766), Propranolol cho thấy ưu thế hơn về tỷ lệ thoái triển tổn thương hoàn toàn (3 bệnh nhân so với 1 bệnh nhân ở nhóm Itraconazole). Tác dụng phụ ở cả hai nhóm đều nhẹ (buồn nôn, nhức đầu, giảm ham muốn) và không gây gián đoạn điều trị. Phác đồ kết hợp này được khuyến cáo là một giải pháp thay thế an toàn và rút ngắn thời gian điều trị cho u máu người lớn (đặc biệt các u < 3cm).",Không áp dụng,https://doi.org/10.1007/s12070-018-1410-8,,true,false,2026-07-26 12:31:44.715+00,,"{""Nhóm Propranolol"":""Giảm 91.92% thể tích khối u, có 3/15 bệnh nhân thoái triển hoàn toàn, được đánh giá có ưu thế nhỉnh hơn do ức chế trực tiếp tạo mạch và kích thích apoptosis."",""Nhóm Itraconazole"":""Giảm 88.97% thể tích khối u, 1/15 bệnh nhân thoái triển hoàn toàn. Thuốc ức chế con đường Hedgehog và VEGFR2 nhưng ít trường hợp sạch tổn thương hoàn toàn hơn.""}",,,,,,,,,,,,,,,"[""D18.0""]"
study_resuscitation_highlights_2021,Những điểm nhấn trong chuyên ngành Hồi sức năm 2021 (Resuscitation highlights in 2021),Không áp dụng,intl-study,icu,review,"Điểm lại và tóm tắt các nghiên cứu đột phá về Hồi sức tim phổi (dịch tễ, BLS, ALS, chăm sóc sau ngừng tim) xuất bản năm 2021.","Đánh giá các bằng chứng làm thay đổi hoặc củng cố thực hành lâm sàng, bao gồm thử nghiệm TTM-2 và ảnh hưởng của đại dịch COVID-19.",Thử nghiệm TTM-2 cho thấy hạ thân nhiệt 32-34°C không vượt trội so với kiểm soát thân nhiệt bình thường; Đại dịch COVID-19 làm giảm sút nghiêm trọng tỷ lệ sống còn sau ngừng tim (tử vong gần 90% ở ca IHCA).,informative,2022,Resuscitation,Review,,"Hệ thống chăm sóc y tế, bệnh nhân ngừng tim nội viện (IHCA) và ngoại viện (OHCA).","Bài tổng quan điểm lại 98 bài báo nổi bật xuất bản trên tạp chí Resuscitation năm 2021. Trọng tâm là những thay đổi lớn từ thử nghiệm TTM-2 về kiểm soát nhiệt độ, ảnh hưởng tiêu cực của đại dịch COVID-19 lên kết cục ngừng tim và những tiến bộ công nghệ đột phá như sử dụng máy bay không người lái (drone) giao AED.","Năm 2021 ghi nhận một số thay đổi mang tính bước ngoặt trong cấp cứu ngừng tuần hoàn. Chấn động nhất là công bố của nghiên cứu TTM-2 (Targeted Temperature Management 2) chỉ ra rằng việc hạ thân nhiệt (32-34°C) không mang lại lợi ích về tỷ lệ sống còn hay kết cục thần kinh tốt ở 90-180 ngày so với chiến lược duy trì thân nhiệt bình thường có kiểm soát (tránh sốt). Về đại dịch COVID-19, dữ liệu cho thấy tỷ lệ tử vong sau IHCA ở bệnh nhân COVID-19 lên đến 89.9%, đồng thời đại dịch làm hạn chế tiếp cận máy khử rung (AED) và gián đoạn đào tạo BLS cộng đồng. Về đổi mới công nghệ, các mô hình drone giao AED tại các nước như Thụy Điển đang chứng minh ưu thế về tốc độ phản ứng so với xe cứu thương thông thường. Ở mảng ALS, một số dữ liệu quan sát hồi cứu quy mô lớn cho thấy tiếp cận đường truyền nội tủy (IO) liên quan đến tỷ lệ ROSC thấp hơn so với tiêm tĩnh mạch (IV), tuy nhiên cần thêm RCT để kết luận chắc chắn sự chênh lệch này không bị nhiễu do tình trạng bệnh nhân nặng khó lấy ven.",Không áp dụng,https://doi.org/10.1016/j.resuscitation.2022.01.015,,true,false,2026-07-24 04:34:49.807+00,,"{""Thử nghiệm TTM-2"":""Khẳng định không có lợi thế về sống còn khi hạ thân nhiệt xuống 32-34°C so với duy trì thân nhiệt bình thường (normothermia) nghiêm ngặt."",""Bệnh nhân COVID-19 ngừng tim"":""Tỷ lệ tử vong lên tới 89.9% đối với nhóm IHCA, với chỉ 6.3% đạt được chức năng thần kinh có thể chấp nhận được.""}",,,,,,,,,,,,,,,"[""I46"", ""R57.9""]"
study_vnha2023,Khuyến cáo chẩn đoán & điều trị suy tim cấp và mạn VNHA/VCS 2023,"ARNI, SGLT2i, Chẹn Beta, MRA",vn-association,cardio,guideline,"Bộ tứ trụ cột (ARNI/ACEi/ARB, Chẹn Beta, Kháng Aldosterone, SGLT2i) vs Điều trị chuẩn cũ",Cải thiện tử vong tim mạch và giảm nhập viện do suy tim,Khuyến cáo mức chỉ định Class I (Bằng chứng A),practice-changing,2023,Hội Tim Mạch Học Quốc Gia Việt Nam,Guidelines,,Bệnh nhân suy tim cấp hoặc mạn tính tại Việt Nam,"Cập nhật khuyến cáo điều trị suy tim theo bộ tứ trụ cột (ARNI/ACEi/ARB, Chẹn beta, Kháng aldosterone, SGLT2i) phù hợp với thực hành lâm sàng tại Việt Nam.",Phân độ khuyến cáo Class I cho điều trị suy tim phân suất tống máu giảm (HFrEF) với bộ tứ trụ cột. ARNI được ưu tiên chỉ định thay thế ACEi/ARB để cải thiện tử vong và nhập viện do suy tim.,Khuyến cáo Class I - VNHA 2023,https://vnha.org.vn/,,true,false,2026-07-11 16:52:13.297+00,,,,,,,,,,,,,,,,,"[""I50"", ""I50.9""]"
